,InvoiceNo,StockCode,Description,Quantity,InvoiceDate,UnitPrice,CustomerID,Country
161704,550479,22549,PICTURE DOMINOES,24,2011-04-18 14:01:00,1.45,15625.0,United Kingdom
197514,553913,23112,PARISIENNE CURIO CABINET,2,2011-05-19 19:47:00,7.5,18109.0,United Kingdom
457107,575731,21034,REX CASH+CARRY JUMBO SHOPPER,2,2011-11-10 20:01:00,0.95,13230.0,United Kingdom
192700,553464,22197,SMALL POPCORN HOLDER,48,2011-05-17 11:07:00,0.85,16218.0,United Kingdom
235428,557640,22111,SCOTTIE DOG HOT WATER BOTTLE,1,2011-06-21 16:24:00,12.46,,United Kingdom
149731,549300,82552,WASHROOM METAL SIGN,12,2011-04-08 08:21:00,1.45,13362.0,United Kingdom
478523,577090,20982,12 PENCILS TALL TUBE SKULLS,12,2011-11-17 16:02:00,0.85,13828.0,United Kingdom
274020,560876,22634,CHILDS BREAKFAST SET SPACEBOY ,16,2011-07-21 15:14:00,8.5,12626.0,Germany
25781,538397,21078,SET/20 STRAWBERRY PAPER NAPKINS ,48,2010-12-12 11:44:00,0.85,12753.0,Japan
418820,572746,23266,SET OF 3 WOODEN STOCKING DECORATION,2,2011-10-25 16:30:00,1.25,13263.0,United Kingdom
59959,541421,10135,COLOURING PENCILS BROWN TUBE,7,2011-01-17 17:44:00,1.25,,United Kingdom
113851,545999,21175,GIN + TONIC DIET METAL SIGN,12,2011-03-08 14:44:00,2.55,13089.0,United Kingdom
237412,557858,85204,HANGING WOOD AND FELT FLOWER,5,2011-06-23 11:51:00,0.12,14159.0,United Kingdom
312317,564346,21078,SET/20 STRAWBERRY PAPER NAPKINS ,4,2011-08-24 14:54:00,0.85,15727.0,United Kingdom
56623,541104,21949,SET OF 6 STRAWBERRY CHOPSTICKS,3,2011-01-13 14:29:00,1.25,,United Kingdom
66651,541810,84559b,3D SHEET OF CAT STICKERS,1,2011-01-21 15:00:00,1.66,,United Kingdom
322411,565232,22759,SET OF 3 NOTEBOOKS IN PARCEL,2,2011-09-02 09:30:00,3.29,,United Kingdom
184286,552681,82600,NO SINGING METAL SIGN,2,2011-05-10 15:08:00,4.13,,United Kingdom
359325,568185,21328,BALLOONS  WRITING SET ,1,2011-09-25 14:08:00,1.65,16594.0,United Kingdom
53368,540832,85099f,JUMBO BAG STRAWBERRY,7,2011-01-11 14:42:00,4.96,,United Kingdom
214130,555566,22692,DOORMAT WELCOME TO OUR HOME,1,2011-06-05 15:19:00,7.95,14659.0,United Kingdom
537026,581237,22910,PAPER CHAIN KIT VINTAGE CHRISTMAS,1,2011-12-08 10:40:00,2.95,15443.0,United Kingdom
219323,556091,82600,NO SINGING METAL SIGN,1,2011-06-08 15:25:00,4.13,,United Kingdom
12766,537395,21872,GLAMOROUS  MUG,2,2010-12-06 14:05:00,1.25,15356.0,United Kingdom
254567,559321,23235,STORAGE TIN VINTAGE LEAF,6,2011-07-07 14:30:00,2.89,17069.0,United Kingdom
4157,536749,22664,TOY TIDY DOLLY GIRL DESIGN,1,2010-12-02 13:49:00,2.1,17976.0,United Kingdom
303656,563549,22966,GINGERBREAD MAN COOKIE CUTTER,1,2011-08-17 12:34:00,2.46,,United Kingdom
186395,552857,85132A,CHARLIE + LOLA BISCUITS TINS,1,2011-05-11 15:34:00,5.79,,United Kingdom
313348,564484,21933,PINK VINTAGE PAISLEY PICNIC BAG,1,2011-08-25 13:46:00,1.65,13634.0,United Kingdom
327025,565617,21930,JUMBO STORAGE BAG SKULLS,3,2011-09-05 15:30:00,4.13,,United Kingdom
422390,573083,23494,VINTAGE DOILY DELUXE SEWING KIT ,4,2011-10-27 14:22:00,5.95,13735.0,United Kingdom
398876,571261,21787,RAIN PONCHO RETROSPOT,360,2011-10-16 10:50:00,0.85,12901.0,United Kingdom
424874,573289,21931,JUMBO STORAGE BAG SUKI,10,2011-10-28 14:44:00,2.08,12705.0,Germany
497119,578347,84692,BOX OF 24 COCKTAIL PARASOLS,5,2011-11-24 09:26:00,0.83,,United Kingdom
46483,540353,21703,BAG 125g SWIRLY MARBLES,5,2011-01-06 14:53:00,0.42,13764.0,United Kingdom
496345,578344,23211,RED ROCKING HORSE HAND PAINTED,4,2011-11-24 09:21:00,2.46,,United Kingdom
297908,C562958,M,Manual,-1,2011-08-11 10:19:00,3.25,17531.0,United Kingdom
140713,548458,22690,DOORMAT HOME SWEET HOME BLUE ,2,2011-03-31 11:53:00,7.95,15632.0,United Kingdom
315355,564727,85071D,CHARLIE+LOLA MY ROOM DOOR SIGN,2,2011-08-28 12:31:00,0.39,16686.0,United Kingdom
391874,570685,23399,HOME SWEET HOME HANGING HEART,4,2011-10-11 16:25:00,0.85,13208.0,United Kingdom
16045,537643,22352,LUNCH BOX WITH CUTLERY RETROSPOT ,1,2010-12-07 15:34:00,5.06,,United Kingdom
140418,548405,22788,BROCANTE COAT RACK,2,2011-03-31 09:48:00,9.95,17088.0,United Kingdom
537688,581334,23266,SET OF 3 WOODEN STOCKING DECORATION,12,2011-12-08 12:07:00,1.25,17841.0,United Kingdom
159887,550389,22970,LONDON BUS COFFEE MUG,2,2011-04-18 11:53:00,2.55,17284.0,United Kingdom
89269,543836,22986,GINGHAM ROSE WRAP,25,2011-02-14 10:52:00,0.42,15236.0,United Kingdom
379444,569693,21749,LARGE RED RETROSPOT WINDMILL,1,2011-10-05 15:18:00,2.1,17837.0,United Kingdom
99097,544695,20728,LUNCH BAG CARS BLUE,10,2011-02-23 09:38:00,1.65,14276.0,United Kingdom
320212,564972,23084,RABBIT NIGHT LIGHT,24,2011-08-31 15:30:00,1.79,12621.0,Germany
304887,563614,22940,FELTCRAFT CHRISTMAS FAIRY,336,2011-08-18 08:51:00,3.75,12415.0,Australia
252861,559141,23287,RED VINTAGE SPOT BEAKER,1,2011-07-06 13:56:00,0.85,15311.0,United Kingdom
20014,538002,22688,DOORMAT PEACE ON EARTH BLUE,2,2010-12-09 11:48:00,7.95,14932.0,Channel Islands
332535,C566078,D,Discount,-1,2011-09-09 09:38:00,45.33,13137.0,United Kingdom
128304,547252,48138,DOORMAT UNION FLAG,2,2011-03-22 10:13:00,7.95,13900.0,United Kingdom
451142,575179,22114,HOT WATER BOTTLE TEA AND SYMPATHY,4,2011-11-09 08:11:00,4.25,14284.0,United Kingdom
1342,536537,22798,ANTIQUE GLASS DRESSING TABLE POT,8,2010-12-01 13:51:00,2.95,15922.0,United Kingdom
368490,568955,22699,ROSES REGENCY TEACUP AND SAUCER ,6,2011-09-29 15:40:00,2.95,13759.0,United Kingdom
316009,564742,22382,LUNCH BAG SPACEBOY DESIGN ,2,2011-08-28 15:01:00,1.65,17346.0,United Kingdom
503424,578926,22112,CHOCOLATE HOT WATER BOTTLE,1,2011-11-27 12:24:00,4.95,18156.0,United Kingdom
340146,566607,48185,DOORMAT FAIRY CAKE,2,2011-09-13 16:40:00,8.25,13032.0,United Kingdom
362933,568529,21742,LARGE ROUND WICKER PLATTER ,2,2011-09-27 13:38:00,5.95,16181.0,United Kingdom
63015,541518,20685,DOORMAT RED RETROSPOT,4,2011-01-19 09:05:00,7.95,12451.0,Switzerland
83980,543358,70006,LOVE HEART POCKET WARMER,1,2011-02-07 14:04:00,3.29,,United Kingdom
381291,569853,22835,HOT WATER BOTTLE I AM SO POORLY,8,2011-10-06 14:18:00,4.95,13771.0,United Kingdom
204825,554694,23148,MINIATURE ANTIQUE ROSE HOOK IVORY,1,2011-05-25 17:06:00,2.46,,United Kingdom
216614,555851,21231,SWEETHEART CERAMIC TRINKET BOX,4,2011-06-07 13:37:00,1.25,13050.0,United Kingdom
499088,578620,22867,HAND WARMER BIRD DESIGN,1,2011-11-24 15:21:00,2.1,17247.0,United Kingdom
210095,555276,23192,BUNDLE OF 3 ALPHABET EXERCISE BOOKS,3,2011-06-01 17:28:00,3.29,,United Kingdom
53357,540832,21864,UNION JACK FLAG PASSPORT COVER ,5,2011-01-11 14:42:00,4.13,,United Kingdom
2926,536592,82551,LAUNDRY 15C METAL SIGN,2,2010-12-01 17:06:00,2.51,,United Kingdom
237005,557797,22081,RIBBON REEL FLORA + FAUNA ,10,2011-06-23 09:22:00,1.65,12919.0,United Kingdom
385385,570197,22097,SWALLOW SQUARE TISSUE BOX,1,2011-10-07 15:45:00,0.39,13755.0,United Kingdom
210383,555278,21293,MIRRORED DOVE WALL DECORATION,1,2011-06-01 17:33:00,4.13,,United Kingdom
505695,579094,POST,POSTAGE,8,2011-11-28 10:56:00,18.0,12668.0,Germany
482794,577483,22297,HEART IVORY TRELLIS SMALL,4,2011-11-20 11:50:00,1.25,14502.0,United Kingdom
380867,569843,20973,12 PENCIL SMALL TUBE WOODLAND,2,2011-10-06 13:29:00,0.65,14449.0,United Kingdom
494547,578270,22751,FELTCRAFT PRINCESS OLIVIA DOLL,1,2011-11-23 13:39:00,7.46,14096.0,United Kingdom
108014,545475,21243,PINK  POLKADOT PLATE ,96,2011-03-03 10:59:00,1.45,12415.0,Australia
154681,549939,21985,PACK OF 12 HEARTS DESIGN TISSUES ,24,2011-04-13 11:46:00,0.29,16309.0,United Kingdom
321124,565129,22382,LUNCH BAG SPACEBOY DESIGN ,5,2011-09-01 12:41:00,1.65,15719.0,United Kingdom
511052,579471,23089,GLASS BON BON JAR,2,2011-11-29 15:08:00,3.29,,United Kingdom
476104,576933,23238,SET OF 4 KNICK KNACK TINS LONDON ,6,2011-11-17 11:29:00,4.15,15529.0,United Kingdom
228526,556932,15056N,EDWARDIAN PARASOL NATURAL,1,2011-06-15 15:41:00,12.46,,United Kingdom
149962,549316,21094,SET/6 RED SPOTTY PAPER PLATES,12,2011-04-08 09:54:00,0.85,12705.0,Germany
494400,578270,22174,PHOTO CUBE,8,2011-11-23 13:39:00,3.29,14096.0,United Kingdom
205879,554842,46000M,POLYESTER FILLER PAD 45x45cm,16,2011-05-26 18:17:00,1.55,14740.0,United Kingdom
507565,579187,22251,BIRDHOUSE DECORATION MAGIC GARDEN,2,2011-11-28 15:31:00,2.46,,United Kingdom
2137,536561,22867,HAND WARMER BIRD DESIGN,12,2010-12-01 15:06:00,2.1,12921.0,United Kingdom
33919,539307,22510,GINGHAM BABUSHKA DOORSTOP,8,2010-12-16 17:43:00,1.25,13694.0,United Kingdom
410522,572104,23485,BOTANICAL GARDENS WALL CLOCK ,4,2011-10-20 16:21:00,20.8,15469.0,United Kingdom
397504,571187,23369,SET 36 COLOUR PENCILS LOVE LONDON,16,2011-10-14 11:39:00,1.25,12380.0,Belgium
391250,570664,20961,STRAWBERRY BATH SPONGE ,1,2011-10-11 14:21:00,1.25,16362.0,United Kingdom
529087,580730,22604,SET OF 4 NAPKIN CHARMS CUTLERY,4,2011-12-05 17:28:00,4.96,,United Kingdom
369100,569014,23367,SET 12 COLOUR PENCILS SPACEBOY ,16,2011-09-30 09:05:00,0.65,18053.0,United Kingdom
499905,578701,22621,TRADITIONAL KNITTING NANCY,12,2011-11-25 10:52:00,1.65,17624.0,United Kingdom
221588,556258,22544,MINI JIGSAW SPACEBOY,24,2011-06-09 17:48:00,0.42,12694.0,France
356282,568048,22269,EGG CUP NATURAL CHICKEN,16,2011-09-23 12:36:00,0.39,14911.0,EIRE
313690,564531,POST,POSTAGE,2,2011-08-25 15:04:00,18.0,12624.0,France
472190,576671,23344,JUMBO BAG 50'S CHRISTMAS ,10,2011-11-16 11:55:00,2.08,14385.0,United Kingdom
319965,564950,23197,SKETCHBOOK MAGNETIC SHOPPING LIST,4,2011-08-31 13:31:00,1.45,17320.0,United Kingdom
20189,538012,21224,SET/4 SKULL BADGES,1,2010-12-09 12:32:00,1.25,14527.0,United Kingdom
9502,537204,22600,CHRISTMAS RETROSPOT STAR WOOD,5,2010-12-05 14:45:00,0.85,15555.0,United Kingdom
216166,555835,22980,PANTRY SCRUBBING BRUSH,1,2011-06-07 12:34:00,1.65,14525.0,United Kingdom
505431,579067,23242,TREASURE TIN BUFFALO BILL ,6,2011-11-28 10:31:00,2.08,14470.0,United Kingdom
450327,575176,21982,PACK OF 12 SUKI TISSUES ,4,2011-11-08 18:29:00,0.83,,United Kingdom
463384,576062,79190A,RETRO PLASTIC 70'S TRAY,5,2011-11-13 15:30:00,0.42,12867.0,United Kingdom
144665,548792,22417,PACK OF 60 SPACEBOY CAKE CASES,2,2011-04-04 12:42:00,0.55,14711.0,United Kingdom
513510,579555,85071D,CHARLIE+LOLA MY ROOM DOOR SIGN,5,2011-11-30 11:08:00,0.39,16241.0,United Kingdom
515247,579777,85170D,SET/6 PINK BIRD T-LIGHT CANDLES,1,2011-11-30 15:13:00,4.13,,United Kingdom
507433,579187,20979,36 PENCILS TUBE RED RETROSPOT,4,2011-11-28 15:31:00,2.46,,United Kingdom
97288,544599,85129B,BEADED CRYSTAL HEART GREEN SMALL,1,2011-02-21 18:15:00,2.46,,United Kingdom
102692,545029,22138,BAKING SET 9 PIECE RETROSPOT ,5,2011-02-25 15:27:00,4.95,14541.0,United Kingdom
121088,546732,20665,RED RETROSPOT PURSE ,1,2011-03-16 11:41:00,2.95,14606.0,United Kingdom
340716,566717,22173,METAL 4 HOOK HANGER FRENCH CHATEAU,1,2011-09-14 12:14:00,3.29,17841.0,United Kingdom
398568,571245,21559,STRAWBERRY LUNCH BOX WITH CUTLERY,12,2011-10-14 15:50:00,2.55,16839.0,United Kingdom
440783,574547,23138,SINGLE WIRE HOOK IVORY HEART,1,2011-11-04 15:08:00,1.45,17841.0,United Kingdom
15253,537638,22095,LADS ONLY TISSUE BOX,1,2010-12-07 15:28:00,2.51,,United Kingdom
12772,537395,22866,HAND WARMER SCOTTY DOG DESIGN,1,2010-12-06 14:05:00,2.1,15356.0,United Kingdom
81524,543162,22934,BAKING MOULD EASTER EGG WHITE CHOC,1,2011-02-03 18:08:00,2.95,17507.0,United Kingdom
260110,559800,22697,GREEN REGENCY TEACUP AND SAUCER,10,2011-07-12 13:46:00,5.79,,United Kingdom
232680,557324,20667,CHERRY BLOSSOM PURSE,1,2011-06-20 09:41:00,2.46,,United Kingdom
287207,562095,22604,SET OF 4 NAPKIN CHARMS CUTLERY,1,2011-08-02 13:15:00,2.55,16712.0,United Kingdom
279085,561236,22116,METAL SIGN HIS DINNER IS SERVED,12,2011-07-26 10:27:00,0.79,15159.0,United Kingdom
192182,553393,21731,RED TOADSTOOL LED NIGHT LIGHT,2,2011-05-16 16:46:00,3.29,,United Kingdom
438316,574311,23207,LUNCH BAG ALPHABET DESIGN,10,2011-11-03 16:56:00,1.65,15640.0,United Kingdom
12879,537399,22625,RED KITCHEN SCALES,1,2010-12-06 14:31:00,8.5,13030.0,United Kingdom
393753,570846,23328,SET 6 SCHOOL MILK BOTTLES IN CRATE,1,2011-10-12 14:33:00,3.75,13983.0,United Kingdom
138095,548191,21385,IVORY HANGING DECORATION  HEART,1,2011-03-29 15:20:00,1.63,,United Kingdom
349618,567509,22412,METAL SIGN NEIGHBOURHOOD WITCH ,12,2011-09-20 14:51:00,1.85,14298.0,United Kingdom
161357,550474,84536A,ENGLISH ROSE NOTEBOOK A7 SIZE,2,2011-04-18 13:58:00,0.83,,United Kingdom
512310,579512,22341,LOVE GARLAND PAINTED ZINC ,1,2011-11-29 16:47:00,3.29,,United Kingdom
308652,564044,22767,TRIPLE PHOTO FRAME CORNICE ,1,2011-08-22 12:58:00,9.95,16952.0,United Kingdom
417924,572677,23365,SET 12 COLOUR PENCILS LOVE LONDON,3,2011-10-25 13:46:00,0.65,17596.0,United Kingdom
486636,577742,23349,ROLL WRAP VINTAGE CHRISTMAS,3,2011-11-21 13:41:00,1.25,13755.0,United Kingdom
341368,566757,20829,GLITTER HANGING BUTTERFLY STRING,1,2011-09-14 15:54:00,4.13,,United Kingdom
127122,547195,21389,IVORY HANGING DECORATION  BIRD,24,2011-03-21 12:42:00,0.85,17204.0,United Kingdom
324058,565386,79336,LIGHT PINK FLOCK GLASS CANDLEHOLDER,6,2011-09-02 15:48:00,0.38,17997.0,United Kingdom
493,536409,21609,SET 12 LAVENDER  BOTANICAL T-LIGHTS,1,2010-12-01 11:45:00,2.95,17908.0,United Kingdom
318024,564820,21880,RED RETROSPOT TAPE,1,2011-08-30 12:16:00,0.42,,United Kingdom
528416,580729,22817,CARD SUKI BIRTHDAY,2,2011-12-05 17:24:00,0.42,,United Kingdom
58038,541219,22211,WOOD STAMP SET FLOWERS,2,2011-01-14 14:06:00,1.63,,United Kingdom
366848,568795,23293,SET OF 12 FAIRY CAKE BAKING CASES,1,2011-09-29 10:19:00,0.83,17870.0,United Kingdom
174169,551774,85123A,WHITE HANGING HEART T-LIGHT HOLDER,3,2011-05-04 11:12:00,2.95,14606.0,United Kingdom
90124,543985,22161,HEART DECORATION RUSTIC HANGING ,1,2011-02-15 09:44:00,0.79,,United Kingdom
333963,566221,85039B,S/4 IVORY MINI ROSE CANDLE IN BOWL,2,2011-09-09 16:13:00,1.63,,United Kingdom
185555,552821,22061,LARGE CAKE STAND  HANGING STRAWBERY,1,2011-05-11 12:58:00,9.95,18118.0,United Kingdom
422294,573075,21368,MIRRORED WALL ART LADIES,1,2011-10-27 14:04:00,0.75,17545.0,United Kingdom
71479,542131,85184C,S/4 VALENTINE DECOUPAGE HEART BOX,24,2011-01-25 15:55:00,1.25,16133.0,United Kingdom
381271,569852,22750,FELTCRAFT PRINCESS LOLA DOLL,4,2011-10-06 14:17:00,3.75,13771.0,United Kingdom
172024,551516,23154,SET OF 4 JAM JAR MAGNETS,12,2011-05-01 11:10:00,2.08,14800.0,United Kingdom
165272,550778,22998,TRAVEL CARD WALLET KEEP CALM,24,2011-04-20 13:36:00,0.42,14868.0,United Kingdom
206466,554938,21731,RED TOADSTOOL LED NIGHT LIGHT,12,2011-05-27 13:34:00,1.65,12876.0,Belgium
213912,555559,22178,VICTORIAN GLASS HANGING T-LIGHT,12,2011-06-05 14:18:00,1.25,13862.0,United Kingdom
351588,567667,23559,WOODLAND BUNNIES LOLLY MAKERS,1,2011-09-21 15:24:00,4.13,,United Kingdom
388683,570448,22074,6 RIBBONS SHIMMERING PINKS ,3,2011-10-10 14:55:00,1.65,13224.0,United Kingdom
136650,547967,23183,MOTHER'S KITCHEN SPOON REST ,1,2011-03-28 15:49:00,7.46,,United Kingdom
166260,550906,84596B,SMALL DOLLY MIX DESIGN ORANGE BOWL,24,2011-04-21 12:34:00,0.42,14298.0,United Kingdom
429045,573542,22601,CHRISTMAS RETROSPOT ANGEL WOOD,24,2011-10-31 13:03:00,0.85,14702.0,United Kingdom
336510,566345,22629,SPACEBOY LUNCH BOX ,8,2011-09-12 12:27:00,1.95,17685.0,United Kingdom
512161,579511,22992,REVOLVER WOODEN RULER ,12,2011-11-29 16:45:00,1.95,14836.0,United Kingdom
234415,557518,23122,PARTY CHARMS 50 PIECES,12,2011-06-20 17:14:00,0.83,15280.0,United Kingdom
279646,561355,21422,PORCELAIN ROSE SMALL,16,2011-07-26 14:51:00,0.85,13090.0,United Kingdom
144987,548863,84832,ZINC WILLIE WINKIE  CANDLE STICK,3,2011-04-04 13:57:00,0.85,15311.0,United Kingdom
408635,571987,22164,STRING OF STARS CARD HOLDER,6,2011-10-20 10:47:00,2.95,17007.0,United Kingdom
279726,561363,22380,TOY TIDY SPACEBOY  ,2,2011-07-26 15:42:00,2.1,17238.0,United Kingdom
56347,541104,20724,RED RETROSPOT CHARLOTTE BAG,1,2011-01-13 14:29:00,1.63,,United Kingdom
110710,545695,22895,SET OF 2 TEA TOWELS APPLE AND PEARS,6,2011-03-06 14:15:00,2.95,17050.0,United Kingdom
297677,562955,72801c,4 ROSE PINK DINNER CANDLES,1,2011-08-11 10:14:00,2.46,,United Kingdom
48207,540468,21002,ROSE DU SUD DRAWSTRING BAG,1,2011-01-07 13:55:00,3.36,,United Kingdom
259684,559704,22375,AIRLINE BAG VINTAGE JET SET BROWN,4,2011-07-12 09:54:00,4.25,12669.0,France
190921,553220,85099B,JUMBO BAG RED RETROSPOT,10,2011-05-16 09:57:00,2.08,13319.0,United Kingdom
473913,576837,23307,SET OF 60 PANTRY DESIGN CAKE CASES ,2,2011-11-16 15:16:00,1.25,,United Kingdom
62210,541497,85173,SET/6 FROG PRINCE T-LIGHT CANDLES,1,2011-01-18 15:19:00,2.46,,United Kingdom
371281,569217,21035,SET/2 RED RETROSPOT TEA TOWELS ,1,2011-10-02 12:45:00,3.25,15579.0,United Kingdom
75131,542541,22379,RECYCLING BAG RETROSPOT ,1,2011-01-28 14:25:00,4.13,,United Kingdom
369239,569020,85048,15CM CHRISTMAS GLASS BALL 20 LIGHTS,12,2011-09-30 09:39:00,6.95,15321.0,United Kingdom
38560,539586,85212,MINI PAINTED GARDEN DECORATION ,144,2010-12-20 13:08:00,0.21,14298.0,United Kingdom
478441,577082,21262,WHITE GOOSE FEATHER CHRISTMAS TREE ,6,2011-11-17 15:31:00,2.95,15811.0,United Kingdom
135278,547888,22382,LUNCH BAG SPACEBOY DESIGN ,10,2011-03-28 09:59:00,1.65,13368.0,United Kingdom
217505,555925,21212,PACK OF 72 RETROSPOT CAKE CASES,1,2011-06-07 17:13:00,1.25,,United Kingdom
167404,550987,22859,EASTER TIN BUNNY BOUQUET,2,2011-04-21 18:10:00,3.29,,United Kingdom
145393,548893,22436,12 COLOURED PARTY BALLOONS,1,2011-04-04 15:54:00,1.25,,United Kingdom
127585,547238,22989,SET 2 PANTRY DESIGN TEA TOWELS,1,2011-03-21 16:31:00,3.25,,United Kingdom
138689,548203,47566,PARTY BUNTING,45,2011-03-29 16:41:00,12.95,,United Kingdom
311463,564301,22544,MINI JIGSAW SPACEBOY,24,2011-08-24 11:54:00,0.42,14299.0,United Kingdom
5714,536874,21715,GIRLS VINTAGE TIN SEASIDE BUCKET,2,2010-12-03 11:35:00,2.55,16891.0,United Kingdom
370239,569132,22723,SET OF 6 HERB TINS SKETCHBOOK,2,2011-09-30 13:54:00,3.95,17757.0,United Kingdom
34160,539321,21232,STRAWBERRY CERAMIC TRINKET BOX,1,2010-12-16 19:19:00,1.25,14723.0,United Kingdom
324012,565384,22487,WHITE WOOD GARDEN PLANT LADDER,1,2011-09-02 15:45:00,9.95,13507.0,United Kingdom
264114,560080,82600,NO SINGING METAL SIGN,192,2011-07-14 16:23:00,2.39,17450.0,United Kingdom
381358,569861,POST,POSTAGE,3,2011-10-06 14:37:00,18.0,13816.0,Germany
300568,563203,48184,DOORMAT ENGLISH ROSE ,10,2011-08-14 11:31:00,6.75,16525.0,United Kingdom
94449,544368,21724,PANDA AND BUNNIES STICKER SHEET,6,2011-02-18 11:27:00,0.85,14057.0,United Kingdom
137240,548149,72821,,-2,2011-03-29 12:36:00,0.0,,United Kingdom
502343,578844,22457,NATURAL SLATE HEART CHALKBOARD ,1,2011-11-25 16:14:00,5.79,,United Kingdom
105757,545276,22992,REVOLVER WOODEN RULER ,4,2011-03-01 11:30:00,1.95,12933.0,United Kingdom
482806,577484,23294,SET OF 6 SNACK LOAF BAKING CASES,1,2011-11-20 11:52:00,0.83,13536.0,United Kingdom
379630,569700,22430,ENAMEL WATERING CAN CREAM,1,2011-10-05 15:56:00,9.96,,United Kingdom
411175,572195,22144,CHRISTMAS CRAFT LITTLE FRIENDS,8,2011-10-21 11:49:00,2.1,14562.0,United Kingdom
104314,545163,22860,EASTER TIN CHICKS PINK DAISY,6,2011-02-28 13:39:00,1.65,16607.0,United Kingdom
27827,538566,71279,PINK GLASS CANDLEHOLDER,2,2010-12-13 11:21:00,5.91,,United Kingdom
430196,573583,72807A,SET/3 ROSE CANDLE IN JEWELLED BOX,5,2011-10-31 14:29:00,4.25,14167.0,United Kingdom
87765,543731,75049L,LARGE CIRCULAR MIRROR MOBILE,96,2011-02-11 11:57:00,0.85,17677.0,United Kingdom
465745,576252,23022,SMALL BONNE JAM JAR  T-LIGHT HOLDER,48,2011-11-14 13:55:00,1.79,14418.0,United Kingdom
61746,541485,21231,SWEETHEART CERAMIC TRINKET BOX,1,2011-01-18 13:05:00,1.25,18118.0,United Kingdom
18137,537800,72709,IVORY SCULPTED RND CANDLE ,9,2010-12-08 13:08:00,0.85,12748.0,United Kingdom
428692,573496,22386,JUMBO BAG PINK POLKADOT,1,2011-10-31 11:59:00,2.08,17841.0,United Kingdom
160001,550439,47566,PARTY BUNTING,6,2011-04-18 12:17:00,4.95,18231.0,United Kingdom
67780,541845,22079,RIBBON REEL HEARTS DESIGN ,5,2011-01-23 12:41:00,1.65,15167.0,United Kingdom
112515,545897,21455,PAINTED YELLOW WOODEN DAISY,4,2011-03-07 17:22:00,0.83,,United Kingdom
478895,577108,23085,ANTIQUE SILVER BAUBLE LAMP  ,5,2011-11-17 17:34:00,10.4,15983.0,United Kingdom
192662,553463,23172,REGENCY TEA PLATE PINK,12,2011-05-17 11:02:00,1.65,13488.0,United Kingdom
12977,537405,22385,JUMBO BAG SPACEBOY DESIGN,1,2010-12-06 14:51:00,1.95,17841.0,United Kingdom
525016,580612,22668,PINK BABY BUNTING,1,2011-12-05 11:58:00,5.79,,United Kingdom
315680,564733,22720,SET OF 3 CAKE TINS PANTRY DESIGN ,1,2011-08-28 13:18:00,4.95,17841.0,United Kingdom
86178,543538,84509A,SET OF 4 ENGLISH ROSE PLACEMATS,4,2011-02-09 13:57:00,3.75,16143.0,United Kingdom
93281,544286,22625,RED KITCHEN SCALES,1,2011-02-17 12:29:00,8.5,13151.0,United Kingdom
16664,537666,71143,SILVER BOOK MARK WITH BEADS,2,2010-12-07 18:36:00,2.51,,United Kingdom
277894,561195,22096,PINK PAISLEY SQUARE TISSUE BOX ,2,2011-07-25 13:57:00,0.39,14796.0,United Kingdom
426809,573364,22585,PACK OF 6 BIRDY GIFT TAGS,4,2011-10-30 13:09:00,1.25,14710.0,United Kingdom
495234,578293,22659,LUNCH BOX I LOVE LONDON,12,2011-11-23 14:36:00,1.95,15640.0,United Kingdom
215212,555650,22849,BREAD BIN DINER STYLE MINT,2,2011-06-06 13:48:00,16.95,14156.0,EIRE
477935,577078,23168,CLASSIC CAFE SUGAR DISPENSER,2,2011-11-17 15:17:00,2.46,,United Kingdom
506328,579135,20971,PINK BLUE FELT CRAFT TRINKET BOX,1,2011-11-28 12:44:00,1.25,18096.0,United Kingdom
369088,569012,22966,GINGERBREAD MAN COOKIE CUTTER,12,2011-09-30 08:18:00,1.25,15187.0,United Kingdom
194258,553565,22717,CARD DOG AND BALL ,12,2011-05-18 09:01:00,0.42,17505.0,United Kingdom
256896,559506,23264,SET OF 3 WOODEN SLEIGH DECORATIONS,1,2011-07-08 15:17:00,2.46,,United Kingdom
308208,563943,23293,SET OF 12 FAIRY CAKE BAKING CASES,8,2011-08-22 10:04:00,0.83,13139.0,United Kingdom
18746,537823,22086,PAPER CHAIN KIT 50'S CHRISTMAS ,29,2010-12-08 14:25:00,5.91,,United Kingdom
369499,569037,21733,RED HANGING HEART T-LIGHT HOLDER,1,2011-09-30 10:45:00,2.95,13263.0,United Kingdom
176859,552033,21703,BAG 125g SWIRLY MARBLES,24,2011-05-05 18:36:00,0.42,14776.0,United Kingdom
188541,553044,23298,SPOTTY BUNTING,12,2011-05-13 09:24:00,4.95,12682.0,France
426392,573348,23101,SILVER STARS TABLE DECORATION,3,2011-10-30 12:27:00,0.83,14487.0,United Kingdom
23306,538197,22745,POPPY'S PLAYHOUSE BEDROOM ,2,2010-12-10 10:56:00,2.1,14419.0,United Kingdom
9012,537160,22748,POPPY'S PLAYHOUSE KITCHEN,1,2010-12-05 13:18:00,2.1,14161.0,United Kingdom
123095,546891,90114,SUMMER DAISIES BAG CHARM,1,2011-03-17 18:18:00,2.46,,United Kingdom
337828,566480,20713,JUMBO BAG OWLS,10,2011-09-13 09:17:00,2.08,16451.0,United Kingdom
387668,570348,22739,RIBBON REEL CHRISTMAS SOCK BAUBLE,10,2011-10-10 12:28:00,1.65,16982.0,United Kingdom
347473,567305,22629,SPACEBOY LUNCH BOX ,48,2011-09-19 13:28:00,1.95,12621.0,Germany
307851,563928,22367,CHILDRENS APRON SPACEBOY DESIGN,1,2011-08-21 15:17:00,1.95,17059.0,United Kingdom
279728,561363,21033,JUMBO BAG CHARLIE AND LOLA TOYS,2,2011-07-26 15:42:00,2.08,17238.0,United Kingdom
222538,556433,21327,SKULLS WRITING SET ,2,2011-06-10 14:01:00,2.46,,United Kingdom
129812,547396,22328,ROUND SNACK BOXES SET OF 4 FRUITS ,6,2011-03-22 16:54:00,4.13,,United Kingdom
194657,553661,23174,REGENCY SUGAR BOWL GREEN,10,2011-05-18 11:59:00,4.15,13572.0,United Kingdom
363178,568551,22784,LANTERN CREAM GAZEBO ,3,2011-09-27 14:58:00,4.95,14883.0,United Kingdom
264554,560104,22384,LUNCH BAG PINK POLKADOT,2,2011-07-14 18:56:00,1.65,17921.0,United Kingdom
123262,546896,22781,GUMBALL MAGAZINE RACK,1,2011-03-17 18:24:00,14.96,,United Kingdom
88572,543808,21212,PACK OF 72 RETROSPOT CAKE CASES,2,2011-02-13 13:22:00,0.55,17454.0,United Kingdom
373664,569343,23403,LETTER HOLDER HOME SWEET HOME,120,2011-10-03 14:34:00,3.25,18102.0,United Kingdom
496000,578344,21650,ASSORTED TUTTI FRUTTI BRACELET,10,2011-11-24 09:21:00,0.83,,United Kingdom
494712,578270,85040A,S/4 PINK FLOWER CANDLES IN BOWL,1,2011-11-23 13:39:00,3.29,14096.0,United Kingdom
56338,541104,20659,ECONOMY LUGGAGE TAG,1,2011-01-13 14:29:00,0.83,,United Kingdom
372907,569253,22621,TRADITIONAL KNITTING NANCY,12,2011-10-03 10:55:00,1.65,13635.0,United Kingdom
516554,C579929,72741,GRAND CHOCOLATECANDLE,-3,2011-12-01 09:34:00,1.45,17828.0,Malta
67495,541832,21272,SALLE DE BAIN HOOK,2,2011-01-21 17:14:00,1.25,17889.0,United Kingdom
160389,550458,35915C,PEACH KNITTED HEN ,9,2011-04-18 13:13:00,0.83,,United Kingdom
258122,559552,85170B,SET/6 BLACK BIRD T-LIGHT CANDLES,1,2011-07-10 16:29:00,2.1,16014.0,United Kingdom
516854,579986,85038,6 CHOCOLATE LOVE HEART T-LIGHTS,36,2011-12-01 11:18:00,1.85,13777.0,United Kingdom
75553,542601,22192,BLUE DINER WALL CLOCK,1,2011-01-30 11:52:00,8.5,16897.0,United Kingdom
6819,536981,20972,PINK CREAM FELT CRAFT TRINKET BOX ,3,2010-12-03 14:26:00,1.25,14723.0,United Kingdom
140033,548373,22027,TEA PARTY BIRTHDAY CARD,1,2011-03-30 16:34:00,0.83,,United Kingdom
379927,569718,23319,BOX OF 6 MINI 50'S CRACKERS,6,2011-10-06 09:01:00,2.49,15837.0,United Kingdom
162029,550496,71053,WHITE METAL LANTERN,10,2011-04-18 15:05:00,8.29,,United Kingdom
358312,568141,21232,STRAWBERRY CERAMIC TRINKET BOX,2,2011-09-25 11:21:00,1.25,16326.0,United Kingdom
267230,560291,22385,JUMBO BAG SPACEBOY DESIGN,1,2011-07-18 10:17:00,4.13,,United Kingdom
235653,557644,85039C,S/4 BLACK MINI ROSE CANDLE IN BOWL,2,2011-06-21 17:06:00,1.63,,United Kingdom
221322,556243,84944,SET OF 6 KASHMIR FOLKART BAUBLES,3,2011-06-09 16:07:00,3.29,,United Kingdom
312729,564369,23163,REGENCY SUGAR TONGS,48,2011-08-25 09:39:00,2.08,15189.0,United Kingdom
385700,570211,23330,DECORATIVE WICKER HEART MEDIUM,1,2011-10-09 11:15:00,1.25,13558.0,United Kingdom
93886,544316,22189,CREAM HEART CARD HOLDER,4,2011-02-17 14:49:00,3.95,16556.0,United Kingdom
132434,547664,21755,LOVE BUILDING BLOCK WORD,1,2011-03-24 13:16:00,5.95,13069.0,United Kingdom
72528,542255,21802,CHRISTMAS TREE HEART DECORATION,6,2011-01-26 16:43:00,0.42,,United Kingdom
118753,546479,22567,20 DOLLY PEGS RETROSPOT,12,2011-03-14 11:38:00,1.25,12682.0,France
315784,564734,84596F,SMALL MARSHMALLOWS PINK BOWL,16,2011-08-28 13:32:00,0.42,12484.0,Spain
233720,557484,84596L,BISCUITS SMALL BOWL LIGHT BLUE,8,2011-06-20 14:36:00,0.42,14796.0,United Kingdom
109792,545660,22500,SET OF 2 TINS JARDIN DE PROVENCE,3,2011-03-04 14:28:00,4.95,17191.0,United Kingdom
528320,580729,22555,PLASTERS IN TIN STRONGMAN,1,2011-12-05 17:24:00,3.29,,United Kingdom
208153,555096,23206,LUNCH BAG APPLE DESIGN,10,2011-05-31 13:32:00,1.65,12682.0,France
62613,541508,22666,RECIPE BOX PANTRY YELLOW DESIGN,1,2011-01-18 16:06:00,5.79,,United Kingdom
137376,548158,22982,PANTRY PASTRY BRUSH,3,2011-03-29 13:28:00,1.25,15906.0,United Kingdom
41793,539958,84596F,SMALL MARSHMALLOWS PINK BOWL,29,2010-12-23 13:26:00,0.85,,United Kingdom
338321,566537,84991,60 TEATIME FAIRY CAKE CASES,24,2011-09-13 11:34:00,0.55,13767.0,United Kingdom
244753,558540,22193,RED DINER WALL CLOCK,6,2011-06-30 12:15:00,8.5,17706.0,United Kingdom
320619,565057,82551,,-110,2011-08-31 17:12:00,0.0,,United Kingdom
109980,545667,21167,WHITE SAGE INCENSE,1,2011-03-04 16:07:00,0.42,,United Kingdom
379743,569700,84997B,CHILDRENS CUTLERY RETROSPOT RED ,3,2011-10-05 15:56:00,4.13,,United Kingdom
322381,565232,22246,MAGIC GARDEN FELT GARLAND ,1,2011-09-02 09:30:00,4.13,,United Kingdom
142360,548608,22224,WHITE LOVEBIRD LANTERN,6,2011-04-01 11:20:00,2.95,13462.0,United Kingdom
96013,544471,84029G,KNITTED UNION FLAG HOT WATER BOTTLE,12,2011-02-21 08:50:00,3.75,18094.0,United Kingdom
235817,557645,22465,HANGING METAL STAR LANTERN,1,2011-06-21 17:08:00,3.29,,United Kingdom
295806,562843,21917,SET 12 KIDS  WHITE CHALK STICKS,1,2011-08-09 17:37:00,0.83,,United Kingdom
334207,566233,23240,SET OF 4 KNICK KNACK TINS DOILY ,6,2011-09-11 11:04:00,4.15,12635.0,Germany
300751,563213,22720,SET OF 3 CAKE TINS PANTRY DESIGN ,2,2011-08-14 12:55:00,4.95,16115.0,United Kingdom
169032,551159,21915,RED  HARMONICA IN BOX ,12,2011-04-26 15:02:00,1.25,16203.0,United Kingdom
491757,578074,22952,60 CAKE CASES VINTAGE CHRISTMAS,3,2011-11-22 16:06:00,0.55,17590.0,United Kingdom
112154,545872,84836,ZINC METAL HEART DECORATION,2,2011-03-07 14:51:00,1.25,15752.0,United Kingdom
198592,554054,84032A,CHARLIE+LOLA PINK HOT WATER BOTTLE,1,2011-05-20 15:29:00,3.29,,United Kingdom
283935,561820,21078,SET/20 STRAWBERRY PAPER NAPKINS ,2,2011-07-29 16:00:00,1.63,,United Kingdom
83190,543291,22424,ENAMEL BREAD BIN CREAM,1,2011-02-07 10:50:00,12.75,14180.0,United Kingdom
374411,569374,23434,3 RAFFIA RIBBONS 50'S CHRISTMAS ,3,2011-10-03 16:14:00,0.83,,United Kingdom
307670,563924,23301,GARDENERS KNEELING PAD KEEP CALM ,1,2011-08-21 14:32:00,1.65,15984.0,United Kingdom
140626,548451,22439,6 ROCKET BALLOONS ,10,2011-03-31 11:25:00,0.65,17365.0,United Kingdom
88967,543826,21455,PAINTED YELLOW WOODEN DAISY,3,2011-02-14 09:41:00,0.83,,United Kingdom
13381,537434,21638,ASSORTED TUTTI FRUTTI NOTEBOOK,2,2010-12-06 16:57:00,4.21,,United Kingdom
51876,540681,90096,NECKLACE+BRACELET SET BLUE BLOSSOM,1,2011-01-10 16:25:00,2.51,,United Kingdom
401581,571441,22566,FELTCRAFT HAIRBAND PINK AND PURPLE,3,2011-10-17 13:31:00,1.63,14096.0,United Kingdom
514070,579673,21890,S/6 WOODEN SKITTLES IN COTTON BAG,3,2011-11-30 12:59:00,3.25,18283.0,United Kingdom
227152,556824,21931,JUMBO STORAGE BAG SUKI,2,2011-06-15 10:24:00,4.13,,United Kingdom
110428,545687,22382,LUNCH BAG SPACEBOY DESIGN ,2,2011-03-06 12:20:00,1.65,17769.0,United Kingdom
526003,580644,23570,TRADITIONAL PICK UP STICKS GAME ,4,2011-12-05 13:10:00,1.25,16904.0,United Kingdom
454186,575514,21210,SET OF 72 RETROSPOT PAPER  DOILIES,12,2011-11-10 10:40:00,1.45,12541.0,Spain
410833,572182,23438, RED SPOT GIFT BAG LARGE,12,2011-10-21 10:32:00,1.25,13588.0,United Kingdom
158671,550305,47566,PARTY BUNTING,4,2011-04-17 10:27:00,4.95,17920.0,United Kingdom
286796,562043,22969,HOMEMADE JAM SCENTED CANDLES,12,2011-08-02 10:19:00,1.45,15342.0,United Kingdom
333240,566190,47503A,ASS FLORAL PRINT MULTI SCREWDRIVER,12,2011-09-09 13:20:00,0.42,12748.0,United Kingdom
409362,572058,22508,DOORSTOP RETROSPOT HEART,2,2011-10-20 12:43:00,3.75,18252.0,United Kingdom
31605,538998,20719,WOODLAND CHARLOTTE BAG,20,2010-12-15 12:08:00,0.72,15061.0,United Kingdom
354866,567901,85150,LADIES & GENTLEMEN METAL SIGN,1,2011-09-22 16:28:00,4.96,,United Kingdom
335339,566282,23355,HOT WATER BOTTLE KEEP CALM,24,2011-09-11 14:29:00,4.15,15782.0,United Kingdom
507534,579187,22078,RIBBON REEL LACE DESIGN ,1,2011-11-28 15:31:00,4.13,,United Kingdom
213802,555558,22382,LUNCH BAG SPACEBOY DESIGN ,2,2011-06-05 14:06:00,1.65,14159.0,United Kingdom
297465,562949,22624,IVORY KITCHEN SCALES,2,2011-08-11 09:47:00,8.5,14346.0,United Kingdom
448173,575037,22144,CHRISTMAS CRAFT LITTLE FRIENDS,10,2011-11-08 11:51:00,2.1,16066.0,United Kingdom
275319,560977,48187,DOORMAT NEW ENGLAND,2,2011-07-22 12:09:00,7.95,16839.0,United Kingdom
53069,540821,21209,MULTICOLOUR HONEYCOMB FAN,3,2011-01-11 13:16:00,1.66,,United Kingdom
526202,580654,20713,JUMBO BAG OWLS,2,2011-12-05 13:37:00,2.08,15854.0,United Kingdom
172223,551525,22377,BOTTLE BAG RETROSPOT ,10,2011-05-01 12:37:00,2.1,14667.0,United Kingdom
471895,576654,85024C,PINK SMALL JEWELLED PHOTOFRAME,1,2011-11-16 10:55:00,1.65,15584.0,United Kingdom
197683,553925,21564,PINK  HEART SHAPE LOVE BUCKET ,12,2011-05-20 09:38:00,2.95,15370.0,United Kingdom
201146,554271,22084,PAPER CHAIN KIT EMPIRE,6,2011-05-23 13:06:00,2.95,16422.0,United Kingdom
437557,574298,22573,STAR WOODEN CHRISTMAS DECORATION,3,2011-11-03 15:56:00,1.63,,United Kingdom
527747,580727,22324,BLUE POLKADOT KIDS BAG,1,2011-12-05 17:17:00,4.13,14096.0,United Kingdom
226504,556808,23112,PARISIENNE CURIO CABINET,2,2011-06-14 15:45:00,7.5,17749.0,United Kingdom
127759,547248,21829,DINOSAUR KEYRINGS ASSORTED,75,2011-03-22 09:23:00,0.42,,United Kingdom
232157,557307,23061,VINTAGE EMBOSSED HEART,12,2011-06-19 14:56:00,1.25,14820.0,United Kingdom
299703,563163,71477,COLOUR GLASS. STAR T-LIGHT HOLDER,144,2011-08-12 12:16:00,2.75,16013.0,United Kingdom
472417,576687,22998,TRAVEL CARD WALLET KEEP CALM,3,2011-11-16 12:13:00,0.42,13558.0,United Kingdom
464275,576083,84077,WORLD WAR 2 GLIDERS ASSTD DESIGNS,288,2011-11-14 08:22:00,0.29,17404.0,Sweden
276545,561057,85099B,JUMBO BAG RED RETROSPOT,4,2011-07-24 13:18:00,2.08,17935.0,United Kingdom
347692,567329,23356,LOVE HOT WATER BOTTLE,6,2011-09-19 14:43:00,5.95,13416.0,United Kingdom
22678,538177,21381,MINI WOODEN HAPPY BIRTHDAY GARLAND,2,2010-12-10 09:51:00,3.36,,United Kingdom
380033,569726,20971,PINK BLUE FELT CRAFT TRINKET BOX,12,2011-10-06 09:36:00,1.25,17419.0,United Kingdom
235413,557639,22752,SET 7 BABUSHKA NESTING BOXES,1,2011-06-21 16:13:00,8.5,12933.0,United Kingdom
260355,559807,21927,BLUE/CREAM STRIPE CUSHION COVER ,6,2011-07-12 14:48:00,1.25,17841.0,United Kingdom
123440,546896,21671,RED SPOT CERAMIC DRAWER KNOB,3,2011-03-17 18:24:00,3.29,,United Kingdom
473370,576830,21731,RED TOADSTOOL LED NIGHT LIGHT,4,2011-11-16 14:54:00,1.65,14898.0,United Kingdom
230478,557150,23047,PAPER LANTERN 5 POINT SEQUIN STAR,1,2011-06-17 11:02:00,5.75,15555.0,United Kingdom
327034,565617,22099,CARAVAN SQUARE TISSUE BOX,1,2011-09-05 15:30:00,2.46,,United Kingdom
381502,569866,22999,TRAVEL CARD WALLET VINTAGE LEAF,2,2011-10-06 14:50:00,0.42,12757.0,Portugal
87000,543629,22696,WICKER WREATH LARGE,1,2011-02-10 15:55:00,4.13,,United Kingdom
294994,562733,22457,NATURAL SLATE HEART CHALKBOARD ,6,2011-08-09 10:20:00,2.95,14626.0,United Kingdom
540985,581492,22697,GREEN REGENCY TEACUP AND SAUCER,1,2011-12-09 10:03:00,5.79,,United Kingdom
473936,576837,23354,6 GIFT TAGS 50'S CHRISTMAS ,3,2011-11-16 15:16:00,1.63,,United Kingdom
508984,579286,84378,SET OF 3 HEART COOKIE CUTTERS,1,2011-11-29 10:57:00,1.45,17772.0,United Kingdom
349362,567504,23393,HOME SWEET HOME CUSHION COVER ,4,2011-09-20 14:33:00,3.75,13356.0,United Kingdom
44350,540168,21870,I CAN ONLY PLEASE ONE PERSON MUG,6,2011-01-05 12:15:00,1.25,13715.0,United Kingdom
185332,552804,85099B,JUMBO BAG RED RETROSPOT,10,2011-05-11 12:32:00,2.08,15615.0,United Kingdom
512657,579512,90168,2 DAISIES HAIR COMB,1,2011-11-29 16:47:00,2.9,,United Kingdom
156164,550123,22367,CHILDRENS APRON SPACEBOY DESIGN,2,2011-04-14 12:39:00,1.95,,United Kingdom
501017,578816,21592,RETROSPOT CIGAR BOX MATCHES ,72,2011-11-25 13:44:00,1.25,14111.0,United Kingdom
540282,581475,22118,JOY WOODEN BLOCK LETTERS,18,2011-12-09 08:39:00,1.25,13069.0,United Kingdom
47875,540454,84375,SET OF 20 KIDS COOKIE CUTTERS,12,2011-01-07 11:57:00,2.1,16191.0,United Kingdom
291188,562433,22896,PEG BAG APPLES DESIGN,6,2011-08-04 17:40:00,2.55,17677.0,United Kingdom
214331,555572,20979,36 PENCILS TUBE RED RETROSPOT,16,2011-06-05 15:37:00,1.25,12449.0,Belgium
381306,569854,35954,counted,-430,2011-10-06 14:26:00,0.0,,United Kingdom
116433,546246,22669,RED BABY BUNTING ,5,2011-03-10 13:28:00,2.95,14841.0,United Kingdom
505914,579103,23578,SNACK TRAY RED GINGHAM,5,2011-11-28 11:39:00,1.95,18041.0,United Kingdom
315843,564735,22984,CARD GINGHAM ROSE ,12,2011-08-28 13:35:00,0.42,15856.0,United Kingdom
425339,573315,22360,GLASS JAR ENGLISH CONFECTIONERY,3,2011-10-28 17:27:00,2.95,17839.0,United Kingdom
340870,566722,21673,WHITE SPOT BLUE CERAMIC DRAWER KNOB,24,2011-09-14 12:51:00,1.45,13408.0,United Kingdom
343271,566949,35471D,SET OF 3 BIRD LIGHT PINK FEATHER ,4,2011-09-15 16:32:00,1.25,,United Kingdom
227389,556845,21500,PINK POLKADOT WRAP ,25,2011-06-15 11:30:00,0.42,17511.0,United Kingdom
46037,540350,21931,JUMBO STORAGE BAG SUKI,2,2011-01-06 14:14:00,1.95,18283.0,United Kingdom
338224,566520,22677,FRENCH BLUE METAL DOOR SIGN 2,4,2011-09-13 11:26:00,1.25,17757.0,United Kingdom
70170,541999,22795,SWEETHEART RECIPE BOOK STAND,1,2011-01-25 10:45:00,13.29,,United Kingdom
533861,581120,22564,ALPHABET STENCIL CRAFT,12,2011-12-07 12:26:00,1.25,17042.0,United Kingdom
421660,573019,21232,STRAWBERRY CERAMIC TRINKET BOX,12,2011-10-27 12:33:00,1.25,15145.0,United Kingdom
481264,577358,21907,I'M ON HOLIDAY METAL SIGN,1,2011-11-18 15:59:00,4.13,,United Kingdom
523917,580523,22867,HAND WARMER BIRD DESIGN,1,2011-12-04 15:00:00,2.1,17827.0,United Kingdom
218630,556056,21672,WHITE SPOT RED CERAMIC DRAWER KNOB,3,2011-06-08 13:35:00,1.25,17841.0,United Kingdom
230840,557221,84997A,CHILDRENS CUTLERY POLKADOT GREEN ,1,2011-06-17 13:01:00,4.15,16869.0,United Kingdom
368274,568949,21822,GLITTER CHRISTMAS TREE WITH BELLS,1,2011-09-29 15:13:00,1.63,,United Kingdom
134151,547829,22595,GINGHAM HEART DECORATION,12,2011-03-25 15:24:00,0.85,16081.0,United Kingdom
233213,557442,21912,VINTAGE SNAKES & LADDERS,5,2011-06-20 12:53:00,3.75,14808.0,United Kingdom
408356,571937,21209,MULTICOLOUR HONEYCOMB FAN,36,2011-10-20 09:28:00,0.39,14911.0,EIRE
230283,557130,22045,SPACEBOY GIFT WRAP,25,2011-06-17 08:09:00,0.42,14005.0,United Kingdom
180137,552304,22156,HEART DECORATION WITH PEARLS ,5,2011-05-08 15:15:00,0.85,12748.0,United Kingdom
513967,579667,22080,RIBBON REEL POLKADOTS ,5,2011-11-30 12:32:00,1.65,16361.0,United Kingdom
359122,568175,22592,CARDHOLDER HOLLY WREATH METAL,4,2011-09-25 13:24:00,3.75,14820.0,United Kingdom
4847,536808,22570,FELTCRAFT CUSHION RABBIT,12,2010-12-02 16:46:00,3.75,17659.0,United Kingdom
348642,567461,84997b,CHILDRENS CUTLERY RETROSPOT RED ,3,2011-09-20 12:31:00,8.29,,United Kingdom
168459,551056,22983,CARD BILLBOARD FONT,12,2011-04-26 11:51:00,0.42,16442.0,United Kingdom
94587,544396,62094B,,-92,2011-02-18 12:16:00,0.0,,United Kingdom
165939,550835,22919,HERB MARKER MINT,4,2011-04-21 10:52:00,0.65,15034.0,United Kingdom
531528,580956,22309,TEA COSY RED  STRIPE,3,2011-12-06 14:23:00,2.55,17841.0,United Kingdom
449134,575087,22469,HEART OF WICKER SMALL,1,2011-11-08 13:57:00,1.65,16549.0,United Kingdom
76508,542627,22147,FELTCRAFT BUTTERFLY HEARTS,12,2011-01-31 09:51:00,1.45,14426.0,United Kingdom
45577,540268,22669,RED BABY BUNTING ,5,2011-01-06 11:25:00,2.95,13458.0,United Kingdom
29607,538809,22727,ALARM CLOCK BAKELIKE RED ,8,2010-12-14 12:17:00,3.75,15514.0,United Kingdom
248125,558777,85099B,JUMBO BAG RED RETROSPOT,7,2011-07-04 10:23:00,2.08,,United Kingdom
165920,550835,22927,GREEN GIANT GARDEN THERMOMETER,2,2011-04-21 10:52:00,5.95,15034.0,United Kingdom
8891,537154,21787,RAIN PONCHO RETROSPOT,1,2010-12-05 13:05:00,0.85,15808.0,United Kingdom
408686,572023,84879,ASSORTED COLOUR BIRD ORNAMENT,8,2011-10-20 11:03:00,1.69,17764.0,United Kingdom
342952,566922,22592,CARDHOLDER HOLLY WREATH METAL,8,2011-09-15 14:58:00,3.75,16156.0,United Kingdom
3817,536685,82482,WOODEN PICTURE FRAME WHITE FINISH,6,2010-12-02 12:23:00,2.1,17850.0,United Kingdom
225503,556685,21714,CITRONELLA CANDLE GARDEN POT,12,2011-06-14 10:00:00,1.25,14503.0,United Kingdom
386677,570242,21466,RED FLOWER CROCHET FOOD COVER,1,2011-10-09 15:40:00,3.75,16380.0,United Kingdom
507090,579167,22269,EGG CUP NATURAL CHICKEN,3,2011-11-28 14:06:00,0.39,16800.0,United Kingdom
191467,553369,22699,ROSES REGENCY TEACUP AND SAUCER ,4,2011-05-16 14:30:00,2.95,15044.0,United Kingdom
23614,538207,21624,VINTAGE UNION JACK DOORSTOP,1,2010-12-10 11:33:00,5.95,12748.0,United Kingdom
179149,552264,22921,HERB MARKER CHIVES ,6,2011-05-08 11:38:00,0.65,14959.0,United Kingdom
294601,562715,22749,FELTCRAFT PRINCESS CHARLOTTE DOLL,1,2011-08-08 15:34:00,7.46,,United Kingdom
58389,541239,21584,RETROSPOT SMALL TUBE MATCHES,5,2011-01-16 10:56:00,1.65,16401.0,United Kingdom
173109,551655,21754,HOME BUILDING BLOCK WORD,1,2011-05-03 12:07:00,5.95,17757.0,United Kingdom
540656,581492,21718,RED METAL BEACH SPADE ,1,2011-12-09 10:03:00,2.46,,United Kingdom
38604,539588,21539,RED RETROSPOT BUTTER DISH,1,2010-12-20 13:11:00,4.95,14527.0,United Kingdom
280346,561395,22681,FRENCH BLUE METAL DOOR SIGN 6,10,2011-07-27 10:29:00,1.25,13999.0,United Kingdom
403174,571554,22111,SCOTTIE DOG HOT WATER BOTTLE,1,2011-10-18 09:13:00,12.46,,United Kingdom
430308,573585,21012,ANTIQUE ALL GLASS CANDLESTICK,2,2011-10-31 14:41:00,2.46,,United Kingdom
328976,565840,20724,RED RETROSPOT CHARLOTTE BAG,1,2011-09-07 12:02:00,1.63,,United Kingdom
324671,565411,22328,ROUND SNACK BOXES SET OF 4 FRUITS ,2,2011-09-04 11:22:00,2.95,13772.0,United Kingdom
107219,545417,82552,WASHROOM METAL SIGN,12,2011-03-02 13:42:00,1.45,15622.0,United Kingdom
410697,572127,84030E,ENGLISH ROSE HOT WATER BOTTLE,4,2011-10-21 09:20:00,4.25,14911.0,EIRE
314158,564565,22623,BOX OF VINTAGE JIGSAW BLOCKS ,3,2011-08-26 10:50:00,5.95,14911.0,EIRE
129491,547385,22726,ALARM CLOCK BAKELIKE GREEN,1,2011-03-22 15:48:00,7.46,,United Kingdom
63950,541592,22245,"HOOK, 1 HANGER ,MAGIC GARDEN",1,2011-01-19 15:08:00,1.63,,United Kingdom
375216,569424,23349,ROLL WRAP VINTAGE CHRISTMAS,12,2011-10-04 10:49:00,1.25,15529.0,United Kingdom
175582,551966,22629,SPACEBOY LUNCH BOX ,4,2011-05-05 13:14:00,1.95,15356.0,United Kingdom
150083,549323,22150,3 STRIPEY MICE FELTCRAFT,6,2011-04-08 10:26:00,1.95,12999.0,United Kingdom
535348,581215,22421,LIPSTICK PEN FUSCHIA,48,2011-12-08 09:05:00,0.42,13408.0,United Kingdom
535618,581217,22495,SET OF 2 ROUND TINS CAMEMBERT ,1,2011-12-08 09:20:00,5.79,,United Kingdom
435392,574074,82567,"AIRLINE LOUNGE,METAL SIGN",1,2011-11-02 15:33:00,1.63,,United Kingdom
383635,570049,23309,SET OF 60 I LOVE LONDON CAKE CASES ,3,2011-10-07 10:55:00,0.55,17228.0,United Kingdom
360519,568231,22331,WOODLAND PARTY BAG + STICKER SET,28,2011-09-26 11:19:00,1.65,14808.0,United Kingdom
173833,551721,82583,HOT BATHS METAL SIGN,3,2011-05-03 16:49:00,2.1,14711.0,United Kingdom
183300,552655,21243,PINK  POLKADOT PLATE ,1,2011-05-10 14:22:00,1.69,14587.0,United Kingdom
216866,555855,84970S,HANGING HEART ZINC T-LIGHT HOLDER,1,2011-06-07 13:56:00,0.85,15311.0,United Kingdom
441635,574591,23373,VINTAGE CHRISTMAS PAPER GIFT BAG,10,2011-11-06 10:47:00,0.82,15745.0,United Kingdom
153475,549746,22721,SET OF 3 CAKE TINS SKETCHBOOK,24,2011-04-12 10:38:00,4.25,15251.0,United Kingdom
16691,537666,84347,ROTATING SILVER ANGELS T-LIGHT HLDR,6,2010-12-07 18:36:00,5.06,,United Kingdom
404228,571670,84987,SET OF 36 TEATIME PAPER DOILIES,12,2011-10-18 13:12:00,1.45,12611.0,Italy
455879,575654,22943,CHRISTMAS LIGHTS 10 VINTAGE BAUBLES,3,2011-11-10 14:28:00,4.95,15238.0,United Kingdom
9566,537208,90082D,DIAMANTE BOW BROOCH BLACK COLOUR,1,2010-12-05 15:12:00,6.35,15889.0,United Kingdom
121490,546769,22248,DECORATION  PINK CHICK MAGIC GARDEN,16,2011-03-16 14:57:00,0.85,17504.0,United Kingdom
123475,546896,22167, OVAL WALL MIRROR DIAMANTE ,1,2011-03-17 18:24:00,8.29,,United Kingdom
399938,571290,22091,EMPIRE TISSUE BOX,36,2011-10-16 15:32:00,0.39,17183.0,United Kingdom
12622,537391,22626,BLACK KITCHEN SCALES,2,2010-12-06 13:53:00,8.5,16550.0,United Kingdom
285612,561915,22625,RED KITCHEN SCALES,1,2011-08-01 11:23:00,8.5,14408.0,United Kingdom
318928,564839,23444,Next Day Carriage,1,2011-08-30 12:45:00,15.0,13524.0,United Kingdom
101918,544937,21232,STRAWBERRY CERAMIC TRINKET BOX,12,2011-02-25 10:09:00,1.25,12839.0,United Kingdom
144259,548733,22192,BLUE DINER WALL CLOCK,2,2011-04-04 10:29:00,8.5,17648.0,United Kingdom
15534,537638,79066K,RETRO MOD TRAY,1,2010-12-07 15:28:00,1.66,,United Kingdom
335798,566291,22766,PHOTO FRAME CORNICE,2,2011-09-11 15:31:00,2.95,12965.0,United Kingdom
368729,568993,22377,BOTTLE BAG RETROSPOT ,5,2011-09-29 16:51:00,2.1,15062.0,United Kingdom
248006,558777,22699,ROSES REGENCY TEACUP AND SAUCER ,3,2011-07-04 10:23:00,5.79,,United Kingdom
449992,C575150,23240,SET OF 4 KNICK KNACK TINS DOILY ,-3,2011-11-08 16:05:00,4.15,12471.0,Germany
416785,572558,21917,SET 12 KIDS  WHITE CHALK STICKS,48,2011-10-25 08:26:00,0.42,14286.0,United Kingdom
479395,577157,22303,COFFEE MUG APPLES DESIGN,12,2011-11-18 09:58:00,2.55,12451.0,Switzerland
104093,545148,21181,PLEASE ONE PERSON METAL SIGN,12,2011-02-28 12:14:00,2.1,13675.0,United Kingdom
8199,537129,22548,HEADS AND TAILS SPORTING FUN,12,2010-12-05 12:15:00,1.25,13506.0,United Kingdom
490564,578065,21126,SET OF 6 GIRLS CELEBRATION CANDLES,1,2011-11-22 15:41:00,1.25,,United Kingdom
176141,551997,21990,MODERN FLORAL STATIONERY SET,1,2011-05-05 15:47:00,2.46,,United Kingdom
154619,549932,21931,JUMBO STORAGE BAG SUKI,10,2011-04-13 10:40:00,2.08,13534.0,United Kingdom
224435,556527,21096,SET/6 FRUIT SALAD  PAPER PLATES,2,2011-06-13 11:33:00,0.39,16205.0,United Kingdom
150927,549525,22342,HOME GARLAND PAINTED ZINC ,1,2011-04-08 15:44:00,3.29,,United Kingdom
376044,569491,23198,PANTRY MAGNETIC  SHOPPING LIST,3,2011-10-04 13:25:00,1.45,14056.0,United Kingdom
315367,564727,22139,RETROSPOT TEA SET CERAMIC 11 PC ,2,2011-08-28 12:31:00,4.95,16686.0,United Kingdom
494762,578272,23344,JUMBO BAG 50'S CHRISTMAS ,10,2011-11-23 13:40:00,2.08,17463.0,United Kingdom
505815,579100,23367,SET 12 COLOUR PENCILS SPACEBOY ,24,2011-11-28 11:27:00,0.65,13004.0,United Kingdom
359320,568185,22107,PIZZA PLATE IN BOX,1,2011-09-25 14:08:00,3.75,16594.0,United Kingdom
289244,562258,22892,SET OF SALT AND PEPPER TOADSTOOLS,1,2011-08-03 15:28:00,1.25,16348.0,United Kingdom
143591,548708,85123A,WHITE HANGING HEART T-LIGHT HOLDER,3,2011-04-03 12:41:00,2.95,13269.0,United Kingdom
343624,566952,21352,EUCALYPTUS & PINECONE  WREATH,2,2011-09-15 16:37:00,5.79,,United Kingdom
416013,572550,23200,JUMBO BAG PEARS,5,2011-10-24 17:06:00,4.13,,United Kingdom
89614,543913,85152,HAND OVER THE CHOCOLATE   SIGN ,1,2011-02-14 13:11:00,2.1,17591.0,United Kingdom
70140,541999,22314,OFFICE MUG WARMER CHOC+BLUE,1,2011-01-25 10:45:00,5.79,,United Kingdom
384564,570129,22812,PACK 3 BOXES CHRISTMAS PANNETONE,12,2011-10-07 13:34:00,1.95,12885.0,United Kingdom
422148,573066,22918,HERB MARKER PARSLEY,12,2011-10-27 13:53:00,0.65,16026.0,United Kingdom
443572,574704,21340,CLASSIC METAL BIRDCAGE PLANT HOLDER,2,2011-11-06 14:02:00,12.75,15696.0,United Kingdom
447669,574959,23157,SET OF 6 NATIVITY MAGNETS ,1,2011-11-08 10:09:00,2.08,17886.0,United Kingdom
81815,543178,84843,WHITE SOAP RACK WITH 2 BOTTLES,2,2011-02-04 10:31:00,5.95,14911.0,EIRE
39985,539718,22348,TEA BAG PLATE RED RETROSPOT,1,2010-12-21 13:06:00,1.66,,United Kingdom
274787,560926,22232,JIGSAW TOADSTOOLS 3 PIECE,1,2011-07-22 09:20:00,1.25,,United Kingdom
428931,573510,22025,RING OF ROSES BIRTHDAY CARD,12,2011-10-31 12:21:00,0.42,14808.0,United Kingdom
342133,566819,23322,LARGE WHITE HEART OF WICKER,2,2011-09-15 11:25:00,2.95,17214.0,United Kingdom
354828,567901,35961,FOLKART ZINC HEART CHRISTMAS DEC,1,2011-09-22 16:28:00,1.63,,United Kingdom
462762,575989,23404,HOME SWEET HOME BLACKBOARD,1,2011-11-13 14:20:00,4.95,14698.0,United Kingdom
359958,568204,22715,CARD WEDDING DAY,12,2011-09-25 15:25:00,0.42,13670.0,United Kingdom
342181,566829,22111,SCOTTIE DOG HOT WATER BOTTLE,24,2011-09-15 11:46:00,4.25,14608.0,United Kingdom
183965,552673,21935,SUKI  SHOULDER BAG,1,2011-05-10 15:07:00,4.13,,United Kingdom
450627,575176,23568,EGG CUP HENRIETTA HEN CREAM ,1,2011-11-08 18:29:00,2.46,,United Kingdom
209755,555275,21375,LARGE CAMPHOR WOOD FIELD MUSHROOM ,1,2011-06-01 17:18:00,10.79,,United Kingdom
365100,568696,22789,T-LIGHT HOLDER SWEETHEART HANGING,8,2011-09-28 14:56:00,1.95,13842.0,United Kingdom
12152,537369,22867,HAND WARMER BIRD DESIGN,1,2010-12-06 12:41:00,2.1,17860.0,United Kingdom
137498,548162,22646,CERAMIC STRAWBERRY CAKE MONEY BANK,1,2011-03-29 13:42:00,4.13,,United Kingdom
306004,563730,23138,SINGLE WIRE HOOK IVORY HEART,12,2011-08-18 17:43:00,1.45,14221.0,United Kingdom
235368,557636,23275,SET OF 3 HANGING OWLS OLLIE BEAK,2,2011-06-21 15:41:00,1.25,17841.0,United Kingdom
369664,569082,23168,CLASSIC CAFE SUGAR DISPENSER,24,2011-09-30 11:55:00,1.25,18229.0,United Kingdom
194196,553556,22970,LONDON BUS COFFEE MUG,6,2011-05-17 16:48:00,2.55,17530.0,United Kingdom
414834,C572489,23323,WHITE WICKER STAR ,-1,2011-10-24 13:59:00,2.1,17119.0,United Kingdom
69767,541985,22588,CARD HOLDER GINGHAM HEART,2,2011-01-24 15:52:00,2.55,15052.0,United Kingdom
115582,546135,22083,PAPER CHAIN KIT RETROSPOT,6,2011-03-09 15:47:00,2.95,12388.0,Australia
282167,561627,21155,RED RETROSPOT PEG BAG,6,2011-07-28 14:08:00,2.55,12453.0,Austria
511625,579508,16238,PARTY TIME PENCIL ERASERS,1,2011-11-29 16:33:00,0.42,,United Kingdom
61888,541489,22645,CERAMIC HEART FAIRY CAKE MONEY BANK,4,2011-01-18 13:38:00,1.45,15023.0,United Kingdom
345016,567134,20712,JUMBO BAG WOODLAND ANIMALS,10,2011-09-16 14:20:00,2.08,12600.0,Germany
123197,546892,21990,MODERN FLORAL STATIONERY SET,2,2011-03-17 18:20:00,2.46,,United Kingdom
46970,540372,21984,PACK OF 12 PINK PAISLEY TISSUES ,24,2011-01-06 16:41:00,0.29,13081.0,United Kingdom
438733,574328,23230,WRAP ALPHABET DESIGN,25,2011-11-04 09:05:00,0.42,13081.0,United Kingdom
491445,578067,85049H,URBAN BLACK RIBBONS ,1,2011-11-22 15:43:00,0.83,,United Kingdom
326911,565612,21156,RETROSPOT CHILDRENS APRON,8,2011-09-05 15:17:00,1.95,12616.0,France
306149,563737,22835,HOT WATER BOTTLE I AM SO POORLY,1,2011-08-18 18:51:00,4.65,16261.0,United Kingdom
251582,559055,22608,PENS ASSORTED FUNKY JEWELED ,6,2011-07-05 17:09:00,0.42,,United Kingdom
487432,577768,22962,JAM JAR WITH PINK LID,1,2011-11-21 15:18:00,1.63,,United Kingdom
468512,576508,23228,FILIGREE HEART BIRD WHITE ,3,2011-11-15 12:02:00,1.25,17777.0,United Kingdom
464856,576189,23505,PLAYING CARDS I LOVE LONDON ,3,2011-11-14 11:33:00,1.25,14684.0,United Kingdom
406090,571733,21791,VINTAGE HEADS AND TAILS CARD GAME ,12,2011-10-19 09:59:00,1.25,16187.0,United Kingdom
185895,552830,23201,JUMBO BAG ALPHABET,20,2011-05-11 13:49:00,1.95,15187.0,United Kingdom
505513,579089,22309,TEA COSY RED  STRIPE,2,2011-11-28 10:46:00,2.55,17920.0,United Kingdom
233887,557494,22131,FOOD CONTAINER SET 3 LOVE HEART ,1,2011-06-20 15:19:00,4.13,,United Kingdom
416552,572553,22260,FELT EGG COSY BLUE RABBIT ,1,2011-10-24 17:09:00,1.63,,United Kingdom
18225,537808,20906,VINTAGE NOTEBOOK BEAUTY GIRL,1,2010-12-08 13:23:00,2.95,15311.0,United Kingdom
44377,540169,85048,15CM CHRISTMAS GLASS BALL 20 LIGHTS,1,2011-01-05 12:20:00,7.95,14527.0,United Kingdom
437793,574298,90158,ST TROPEZ NECKLACE,1,2011-11-03 15:56:00,4.98,,United Kingdom
289568,562273,22467,GUMBALL COAT RACK,6,2011-08-04 09:55:00,2.55,12502.0,Spain
377340,569545,22585,PACK OF 6 BIRDY GIFT TAGS,1,2011-10-04 16:37:00,2.46,,United Kingdom
170863,551346,20665,RED RETROSPOT PURSE ,6,2011-04-28 09:12:00,2.95,12362.0,Belgium
202129,554365,82482,WOODEN PICTURE FRAME WHITE FINISH,12,2011-05-24 10:22:00,2.55,13089.0,United Kingdom
93212,544280,23230,WRAP ALPHABET DESIGN,25,2011-02-17 12:21:00,0.42,14754.0,United Kingdom
447240,574950,22335,HEART DECORATION PAINTED ZINC ,1,2011-11-08 09:29:00,1.25,,United Kingdom
251945,559056,21530,DAIRY MAID TOASTRACK,18,2011-07-06 09:15:00,0.79,14645.0,United Kingdom
334092,566228,23344,JUMBO BAG 50'S CHRISTMAS ,100,2011-09-11 10:52:00,1.79,13408.0,United Kingdom
213399,555539,21420,OYSTER TRINKET BOX,2,2011-06-05 12:44:00,3.25,14472.0,United Kingdom
219594,556103,84946,ANTIQUE SILVER T-LIGHT GLASS,12,2011-06-08 16:18:00,1.25,16011.0,United Kingdom
320546,564995,22470,HEART OF WICKER LARGE,1,2011-08-31 16:09:00,2.95,16780.0,United Kingdom
413840,572324,23057,BEADED CHANDELIER T-LIGHT HOLDER,96,2011-10-24 09:52:00,1.5,14607.0,United Kingdom
505517,579089,22899,CHILDREN'S APRON DOLLY GIRL ,1,2011-11-28 10:46:00,2.1,17920.0,United Kingdom
91483,544102,22189,CREAM HEART CARD HOLDER,13,2011-02-16 10:32:00,3.95,14665.0,United Kingdom
269046,560434,84596L,BISCUITS SMALL BOWL LIGHT BLUE,4,2011-07-18 15:56:00,0.83,,United Kingdom
347536,567307,23209,LUNCH BAG VINTAGE DOILY ,10,2011-09-19 13:35:00,1.65,15078.0,United Kingdom
192770,553476,23049,RECYCLED ACAPULCO MAT RED,2,2011-05-17 11:41:00,8.25,14221.0,United Kingdom
174921,551858,23049,RECYCLED ACAPULCO MAT RED,1,2011-05-04 15:33:00,8.25,18041.0,United Kingdom
225031,556632,22470,HEART OF WICKER LARGE,2,2011-06-13 15:09:00,2.95,16987.0,United Kingdom
340659,566709,23321,SMALL WHITE HEART OF WICKER,40,2011-09-14 11:58:00,1.45,16745.0,United Kingdom
447069,574944,21811,HANGING HEART WITH BELL,48,2011-11-08 08:16:00,0.39,13710.0,United Kingdom
69534,541971,21314,SMALL GLASS HEART TRINKET POT,1,2011-01-24 13:48:00,4.13,,United Kingdom
225922,556751,23252,VINTAGE RED ENAMEL TRIM JUG ,48,2011-06-14 12:09:00,3.29,15251.0,United Kingdom
102455,545022,22698,PINK REGENCY TEACUP AND SAUCER,6,2011-02-25 14:24:00,2.95,12921.0,United Kingdom
425467,573324,82494L,WOODEN FRAME ANTIQUE WHITE ,6,2011-10-30 10:56:00,2.95,16235.0,United Kingdom
19976,537967,21843,RED RETROSPOT CAKE STAND,2,2010-12-09 11:31:00,10.95,12494.0,France
530660,580877,23419,HOME SWEET HOME BOTTLE ,1,2011-12-06 12:15:00,2.08,17250.0,United Kingdom
225333,556671,23006,TRAVEL CARD WALLET FLOWER MEADOW,1,2011-06-13 16:33:00,0.42,17841.0,United Kingdom
230498,557151,23286,BLUE VINTAGE SPOT BEAKER,1,2011-06-17 11:04:00,0.85,,United Kingdom
532208,580983,21810,CHRISTMAS HANGING STAR WITH BELL,14,2011-12-06 16:26:00,0.83,,United Kingdom
427279,573381,23280,FOLDING BUTTERFLY MIRROR HOT PINK ,4,2011-10-30 14:05:00,0.83,17590.0,United Kingdom
410620,572121,23493,VINTAGE DOILY TRAVEL SEWING KIT,6,2011-10-20 19:51:00,1.95,17092.0,United Kingdom
28872,538662,84819,DANISH ROSE ROUND SEWING BOX,16,2010-12-13 15:44:00,0.85,15159.0,United Kingdom
375710,569472,23101,SILVER STARS TABLE DECORATION,12,2011-10-04 12:38:00,0.83,14515.0,United Kingdom
68633,541871,20967,GREY FLORAL FELTCRAFT SHOULDER BAG,1,2011-01-24 09:41:00,7.46,,United Kingdom
372641,569246,22573,STAR WOODEN CHRISTMAS DECORATION,2,2011-10-03 09:57:00,1.63,14096.0,United Kingdom
207895,555015,22464,HANGING METAL HEART LANTERN,12,2011-05-31 10:45:00,1.65,16558.0,United Kingdom
354106,567859,23445,ICE CREAM BUBBLES,20,2011-09-22 13:51:00,0.83,12936.0,United Kingdom
353119,567742,23298,SPOTTY BUNTING,4,2011-09-22 10:47:00,4.95,14261.0,United Kingdom
212254,555420,40016,CHINESE DRAGON PAPER LANTERNS,24,2011-06-03 10:29:00,0.42,13458.0,United Kingdom
66755,541816,85187,S/12 MINI RABBIT EASTER,6,2011-01-21 15:56:00,1.65,17799.0,United Kingdom
205810,554839,23194,GYMKHANA TREASURE BOOK BOX,4,2011-05-26 17:15:00,2.25,14056.0,United Kingdom
393933,570862,23368,SET 12 COLOUR PENCILS DOLLY GIRL ,32,2011-10-12 15:35:00,0.65,17528.0,United Kingdom
1887,536544,20973,12 PENCIL SMALL TUBE WOODLAND,1,2010-12-01 14:32:00,1.28,,United Kingdom
247892,558777,21749,LARGE RED RETROSPOT WINDMILL,3,2011-07-04 10:23:00,4.13,,United Kingdom
387112,570258,20712,JUMBO BAG WOODLAND ANIMALS,13,2011-10-10 09:56:00,4.13,,United Kingdom
277316,561100,21232,STRAWBERRY CERAMIC TRINKET BOX,12,2011-07-25 11:01:00,1.25,15289.0,United Kingdom
97560,544645,22324,BLUE POLKADOT KIDS BAG,24,2011-02-22 11:58:00,1.95,16843.0,United Kingdom
315336,564726,23232,WRAP VINTAGE LEAF DESIGN,25,2011-08-28 12:29:00,0.42,18077.0,United Kingdom
387574,570333,84429A,MEDIUM PINK BUDDHA HEAD ,2,2011-10-10 12:19:00,2.95,18126.0,United Kingdom
216547,555849,20996,JAZZ HEARTS ADDRESS BOOK,24,2011-06-07 13:33:00,0.19,13266.0,United Kingdom
185260,552802,21916,SET 12 RETRO WHITE CHALK STICKS,4,2011-05-11 12:23:00,0.42,16115.0,United Kingdom
59149,541274,47566,PARTY BUNTING,5,2011-01-17 11:24:00,4.65,15696.0,United Kingdom
191596,C553378,M,Manual,-1,2011-05-16 15:02:00,269.7,,United Kingdom
119516,546549,21671,RED SPOT CERAMIC DRAWER KNOB,6,2011-03-14 16:46:00,1.25,17799.0,United Kingdom
80918,543097,22722,SET OF 6 SPICE TINS PANTRY DESIGN,5,2011-02-03 11:41:00,8.29,,United Kingdom
445118,574777,22469,HEART OF WICKER SMALL,6,2011-11-07 10:23:00,1.65,17761.0,United Kingdom
125948,547063,84755,COLOUR GLASS T-LIGHT HOLDER HANGING,8,2011-03-20 13:33:00,0.65,14769.0,United Kingdom
452548,575340,23349,ROLL WRAP VINTAGE CHRISTMAS,12,2011-11-09 14:31:00,1.25,15485.0,United Kingdom
302477,563432,23301,GARDENERS KNEELING PAD KEEP CALM ,3,2011-08-16 12:12:00,1.65,16713.0,United Kingdom
511071,579471,23300,GARDENERS KNEELING PAD CUP OF TEA ,8,2011-11-29 15:08:00,3.29,,United Kingdom
135449,547896,22483,RED GINGHAM TEDDY BEAR ,1,2011-03-28 11:34:00,2.95,17841.0,United Kingdom
389213,570465,23372,SET 36 COLOUR PENCILS DOLLY GIRL,1,2011-10-10 16:02:00,2.46,,United Kingdom
435909,574077,22197,POPCORN HOLDER,3,2011-11-02 15:56:00,0.85,17999.0,United Kingdom
438761,574328,23247,BISCUIT TIN 50'S CHRISTMAS,12,2011-11-04 09:05:00,2.89,13081.0,United Kingdom
58129,541220,22630,DOLLY GIRL LUNCH BOX,192,2011-01-14 14:11:00,1.65,14156.0,EIRE
108045,545475,21981,PACK OF 12 WOODLAND TISSUES ,432,2011-03-03 10:59:00,0.25,12415.0,Australia
63447,541570,22367,CHILDRENS APRON SPACEBOY DESIGN,50,2011-01-19 12:34:00,1.65,14646.0,Netherlands
3508,536634,21967,PACK OF 12 SKULL TISSUES,12,2010-12-02 11:21:00,0.29,18041.0,United Kingdom
508559,579196,21790,VINTAGE SNAP CARDS,25,2011-11-28 15:54:00,1.63,14096.0,United Kingdom
75762,542610,21249,WOODLAND  HEIGHT CHART STICKERS ,3,2011-01-30 14:05:00,2.95,13148.0,United Kingdom
366280,568721,21713,CITRONELLA CANDLE FLOWERPOT,2,2011-09-28 16:24:00,4.13,,United Kingdom
165431,550799,22776,SWEETHEART CAKESTAND 3 TIER,2,2011-04-20 14:46:00,9.95,17115.0,United Kingdom
318308,564825,85099F,JUMBO BAG STRAWBERRY,1,2011-08-30 12:26:00,4.13,,United Kingdom
369572,569046,21819,GLITTER CHRISTMAS STAR ,72,2011-09-30 10:48:00,0.39,14422.0,United Kingdom
39816,539708,22115,METAL SIGN EMPIRE TEA,1,2010-12-21 12:18:00,5.91,,United Kingdom
349538,567507,23000,TRAVEL CARD WALLET TRANSPORT,1,2011-09-20 14:46:00,0.83,,United Kingdom
283518,561773,23203,JUMBO BAG DOILEY PATTERNS,1,2011-07-29 12:41:00,2.08,17841.0,United Kingdom
291326,562445,22398,MAGNETS PACK OF 4 SWALLOWS,12,2011-08-04 18:51:00,0.39,12417.0,Belgium
47921,540458,22333,RETROSPOT PARTY BAG + STICKER SET,8,2011-01-07 12:28:00,1.65,12501.0,Germany
405529,571714,23377,PACK OF 12 DOLLY GIRL TISSUES,1,2011-10-18 17:00:00,0.83,,United Kingdom
216966,555862,21080,SET/20 RED RETROSPOT PAPER NAPKINS ,12,2011-06-07 14:28:00,0.85,12757.0,Portugal
13339,537434,21272,SALLE DE BAIN HOOK,1,2010-12-06 16:57:00,2.51,,United Kingdom
393251,570818,22844,VINTAGE CREAM DOG FOOD CONTAINER,1,2011-10-12 12:47:00,8.5,17841.0,United Kingdom
272668,560773,22250,DECORATION  BUTTERFLY  MAGIC GARDEN,2,2011-07-20 16:17:00,0.83,,United Kingdom
142819,548648,82583,HOT BATHS METAL SIGN,12,2011-04-01 13:20:00,2.1,12949.0,United Kingdom
226992,556813,22120,WELCOME  WOODEN BLOCK LETTERS,1,2011-06-14 17:28:00,19.96,,United Kingdom
219686,556106,21577,SAVE THE PLANET COTTON TOTE BAG,1,2011-06-08 16:54:00,2.25,14056.0,United Kingdom
483146,577495,20724,RED RETROSPOT CHARLOTTE BAG,1,2011-11-20 12:20:00,0.85,14704.0,United Kingdom
333051,566169,22396,MAGNETS PACK OF 4 RETRO PHOTO,12,2011-09-09 12:09:00,0.39,14414.0,United Kingdom
63088,541518,85099B,JUMBO BAG RED RETROSPOT,20,2011-01-19 09:05:00,1.95,12451.0,Switzerland
53026,540821,20717,STRAWBERRY SHOPPER BAG,16,2011-01-11 13:16:00,0.85,,United Kingdom
13558,537434,22371,AIRLINE BAG VINTAGE TOKYO 78,1,2010-12-06 16:57:00,8.47,,United Kingdom
485514,577609,22666,RECIPE BOX PANTRY YELLOW DESIGN,6,2011-11-21 09:51:00,2.95,12349.0,Italy
98309,544677,22469,HEART OF WICKER SMALL,4,2011-02-22 16:13:00,1.65,18196.0,United Kingdom
4906,C536820,22878,NUMBER TILE COTTAGE GARDEN No,-1,2010-12-02 17:14:00,2.1,18168.0,United Kingdom
69239,541969,22862,LOVE HEART NAPKIN BOX ,1,2011-01-24 13:46:00,8.29,,United Kingdom
209521,555249,82580,BATHROOM METAL SIGN,2,2011-06-01 14:57:00,0.55,17472.0,United Kingdom
261166,559817,22412,METAL SIGN NEIGHBOURHOOD WITCH ,1,2011-07-12 16:20:00,4.13,,United Kingdom
191152,553340,21212,PACK OF 72 RETROSPOT CAKE CASES,24,2011-05-16 12:20:00,0.55,15125.0,United Kingdom
81023,543107,22621,TRADITIONAL KNITTING NANCY,12,2011-02-03 12:27:00,1.45,13800.0,United Kingdom
120031,546643,22962,JAM JAR WITH PINK LID,12,2011-03-15 13:23:00,0.85,16214.0,United Kingdom
309212,564065,23295,SET OF 12 MINI LOAF BAKING CASES,8,2011-08-22 15:05:00,0.83,15150.0,United Kingdom
533941,581125,22333,RETROSPOT PARTY BAG + STICKER SET,2,2011-12-07 12:41:00,1.65,14087.0,United Kingdom
253604,559163,23165,LARGE CERAMIC TOP STORAGE JAR,1,2011-07-06 16:33:00,3.29,,United Kingdom
413626,572317,22306,SILVER MUG BONE CHINA TREE OF LIFE,6,2011-10-23 16:13:00,1.06,14629.0,United Kingdom
72006,542225,85096,label mix up,-59,2011-01-26 13:10:00,0.0,,United Kingdom
73825,542389,22697,GREEN REGENCY TEACUP AND SAUCER,6,2011-01-27 14:46:00,2.95,12868.0,United Kingdom
50355,540551,21773,DECORATIVE ROSE BATHROOM BOTTLE,9,2011-01-10 09:43:00,1.28,,United Kingdom
493445,578233,23109,PACK OF SIX LED TEA LIGHTS,3,2011-11-23 12:20:00,2.89,14049.0,United Kingdom
510872,579470,20846,ZINC HEART LATTICE T-LIGHT HOLDER,4,2011-11-29 15:06:00,1.25,16549.0,United Kingdom
307962,563933,22086,PAPER CHAIN KIT 50'S CHRISTMAS ,7,2011-08-21 15:54:00,2.95,16536.0,United Kingdom
262156,559902,84987,SET OF 36 TEATIME PAPER DOILIES,1,2011-07-13 13:14:00,1.45,14502.0,United Kingdom
403770,571653,22581,WOOD STOCKING CHRISTMAS SCANDISPOT,24,2011-10-18 12:17:00,0.72,14298.0,United Kingdom
21889,538148,22278,OVERNIGHT BAG VINTAGE ROSE PAISLEY,1,2010-12-09 16:26:00,11.02,,United Kingdom
87658,543713,21238,RED RETROSPOT CUP,2,2011-02-11 11:46:00,1.63,,United Kingdom
132124,547656,21174,POTTERING IN THE SHED METAL SIGN,2,2011-03-24 12:53:00,2.08,13263.0,United Kingdom
108160,545514,21034,REX CASH+CARRY JUMBO SHOPPER,2,2011-03-03 12:06:00,0.95,15053.0,United Kingdom
214797,555630,22386,JUMBO BAG PINK POLKADOT,10,2011-06-06 12:04:00,2.08,14732.0,United Kingdom
55072,540977,22572,ROCKING HORSE GREEN CHRISTMAS ,2,2011-01-12 15:01:00,1.66,,United Kingdom
521950,580367,23498,CLASSIC BICYCLE CLIPS ,7,2011-12-02 16:39:00,3.29,,United Kingdom
414561,572465,23393,HOME SWEET HOME CUSHION COVER ,4,2011-10-24 13:26:00,3.75,14474.0,United Kingdom
121994,546846,84378,SET OF 3 HEART COOKIE CUTTERS,1,2011-03-17 12:47:00,1.25,13533.0,United Kingdom
17322,537707,22659,LUNCH BOX I LOVE LONDON,12,2010-12-08 10:53:00,1.95,14032.0,United Kingdom
541617,581516,22442,GROW YOUR OWN FLOWERS SET OF 3,12,2011-12-09 11:26:00,1.95,14422.0,United Kingdom
537440,581266,21209,MULTICOLOUR HONEYCOMB FAN,12,2011-12-08 11:25:00,0.39,12621.0,Germany
68479,541869,22469,HEART OF WICKER SMALL,1,2011-01-24 09:35:00,3.29,,United Kingdom
143706,548711,21787,RAIN PONCHO RETROSPOT,2,2011-04-03 14:24:00,0.85,18116.0,United Kingdom
335173,566279,85231G,ORANGE SCENTED SET/9 T-LIGHTS,4,2011-09-11 14:09:00,0.85,14432.0,United Kingdom
12329,537374,20984,12 PENCILS TALL TUBE POSY,1,2010-12-06 12:55:00,0.85,17259.0,United Kingdom
359637,568193,71038,WHITE HANGING BEADS CANDLE HOLDER,24,2011-09-25 14:37:00,4.65,17107.0,United Kingdom
268479,560432,21928,JUMBO BAG SCANDINAVIAN BLUE PAISLEY,20,2011-07-18 15:39:00,2.08,13327.0,United Kingdom
509356,579297,84032A,CHARLIE+LOLA PINK HOT WATER BOTTLE,3,2011-11-29 11:23:00,5.79,,United Kingdom
304615,563585,23321,SMALL WHITE HEART OF WICKER,2,2011-08-17 17:01:00,1.65,17070.0,United Kingdom
144964,548861,22357,KINGS CHOICE BISCUIT TIN,4,2011-04-04 13:42:00,4.25,18185.0,United Kingdom
14431,537567,21617,4 LILY  BOTANICAL DINNER CANDLES,3,2010-12-07 11:59:00,3.75,18119.0,United Kingdom
253108,559162,21094,SET/6 RED SPOTTY PAPER PLATES,3,2011-07-06 16:29:00,0.83,,United Kingdom
99625,544776,47580,TEA TIME DES TEA COSY,1,2011-02-23 11:39:00,5.79,,United Kingdom
105451,545226,22690,DOORMAT HOME SWEET HOME BLUE ,2,2011-03-01 09:33:00,7.95,12428.0,Finland
86167,543536,21212,PACK OF 72 RETROSPOT CAKE CASES,4,2011-02-09 13:41:00,0.55,,United Kingdom
210376,555278,21078,SET/20 STRAWBERRY PAPER NAPKINS ,1,2011-06-01 17:33:00,1.63,,United Kingdom
90476,544040,22840,ROUND CAKE TIN VINTAGE RED,1,2011-02-15 11:40:00,7.95,14701.0,United Kingdom
207175,554978,15036,ASSORTED COLOURS SILK FAN,12,2011-05-29 11:05:00,0.83,16889.0,United Kingdom
499509,578677,22111,SCOTTIE DOG HOT WATER BOTTLE,1,2011-11-24 19:30:00,4.95,15750.0,United Kingdom
403983,571660,22816,CARD MOTORBIKE SANTA,12,2011-10-18 12:49:00,0.42,16191.0,United Kingdom
131041,547547,22189,CREAM HEART CARD HOLDER,1,2011-03-23 15:30:00,8.29,,United Kingdom
94480,544368,85099B,JUMBO BAG RED RETROSPOT,2,2011-02-18 11:27:00,1.95,14057.0,United Kingdom
334438,566249,22265,EASTER DECORATION NATURAL CHICK,3,2011-09-11 12:09:00,0.65,13527.0,United Kingdom
178188,552229,20961,STRAWBERRY BATH SPONGE ,1,2011-05-06 15:40:00,2.46,,United Kingdom
225370,556671,23336,EGG FRYING PAN PINK ,1,2011-06-13 16:33:00,2.08,17841.0,United Kingdom
116721,546305,23049,RECYCLED ACAPULCO MAT RED,3,2011-03-10 16:16:00,8.25,14056.0,United Kingdom
38838,539595,21976,PACK OF 60 MUSHROOM CAKE CASES,1,2010-12-20 13:43:00,1.28,,United Kingdom
451244,575189,21791,VINTAGE HEADS AND TAILS CARD GAME ,12,2011-11-09 09:13:00,1.25,13029.0,United Kingdom
59359,541282,22727,ALARM CLOCK BAKELIKE RED ,2,2011-01-17 12:31:00,3.75,17690.0,United Kingdom
47045,540372,22184,CAKE STAND VICTORIAN FILIGREE LARGE,2,2011-01-06 16:41:00,8.5,13081.0,United Kingdom
439661,574479,23344,JUMBO BAG 50'S CHRISTMAS ,2,2011-11-04 12:39:00,2.08,18035.0,United Kingdom
274607,560926,23307,SET OF 60 PANTRY DESIGN CAKE CASES ,1,2011-07-22 09:20:00,1.25,,United Kingdom
336924,566408,22423,REGENCY CAKESTAND 3 TIER,1,2011-09-12 13:43:00,12.75,16984.0,United Kingdom
348265,567385,21200,MULTICOLOUR HONEYCOMB PAPER GARLAND,144,2011-09-20 10:27:00,1.45,14866.0,United Kingdom
169705,551218,16015,MEDIUM CHINESE STYLE SCISSOR,10,2011-04-27 11:41:00,0.5,18077.0,United Kingdom
424922,573291,23103,JINGLE BELL HEART DECORATION,24,2011-10-28 14:51:00,1.65,16554.0,United Kingdom
363396,568567,21479,WHITE SKULL HOT WATER BOTTLE ,1,2011-09-27 18:41:00,8.29,,United Kingdom
281234,561515,22544,MINI JIGSAW SPACEBOY,5,2011-07-27 15:16:00,0.83,,United Kingdom
238303,557937,23286,BLUE VINTAGE SPOT BEAKER,1,2011-06-23 15:30:00,1.63,,United Kingdom
116870,546306,85016,SET OF 6 VINTAGE NOTELETS KIT,1,2011-03-10 16:16:00,2.46,,United Kingdom
92159,544179,22268,EASTER DECORATION SITTING BUNNY,12,2011-02-16 14:44:00,0.85,17422.0,United Kingdom
381467,569866,23365,SET 12 COLOUR PENCILS LOVE LONDON,1,2011-10-06 14:50:00,0.65,12757.0,Portugal
141063,548497,20685,DOORMAT RED RETROSPOT,4,2011-03-31 13:43:00,7.95,13089.0,United Kingdom
486914,577754,23296,SET OF 6 TEA TIME BAKING CASES,48,2011-11-21 14:47:00,1.25,18139.0,United Kingdom
326230,565478,23405,HOME SWEET HOME 2 DRAWER CABINET,1,2011-09-05 11:18:00,4.95,15005.0,United Kingdom
170862,551346,22276,WASH BAG VINTAGE ROSE PAISLEY,6,2011-04-28 09:12:00,2.55,12362.0,Belgium
329940,565859,21908,CHOCOLATE THIS WAY METAL SIGN,12,2011-09-07 14:40:00,2.1,16818.0,United Kingdom
238065,557894,23161,REGENCY CAKE FORK,60,2011-06-23 14:13:00,1.25,14818.0,United Kingdom
146771,549018,22423,REGENCY CAKESTAND 3 TIER,3,2011-04-05 15:21:00,12.75,17492.0,United Kingdom
434730,574059,21981,PACK OF 12 WOODLAND TISSUES ,1,2011-11-02 14:13:00,0.39,14646.0,Netherlands
29085,538707,84836,ZINC METAL HEART DECORATION,2,2010-12-14 10:38:00,1.25,17894.0,United Kingdom
169301,551173,84879,ASSORTED COLOUR BIRD ORNAMENT,16,2011-04-26 16:54:00,1.35,,United Kingdom
421349,572946,21108,FAIRY CAKE FLANNEL ASSORTED COLOUR,18,2011-10-27 10:36:00,0.79,13988.0,United Kingdom
506678,579149,23234,BISCUIT TIN VINTAGE CHRISTMAS,6,2011-11-28 13:21:00,2.89,13844.0,United Kingdom
110665,545692,22073,RED RETROSPOT STORAGE JAR,4,2011-03-06 12:58:00,3.75,17428.0,United Kingdom
373699,569358,23389,SPACEBOY MINI BACKPACK,4,2011-10-03 14:53:00,4.15,18257.0,United Kingdom
423102,573137,21462,"NURSERY A,B,C PAINTED LETTERS",1,2011-10-27 17:15:00,13.29,,United Kingdom
525541,580632,21900,"KEY FOB , SHED",6,2011-12-05 12:16:00,0.65,16360.0,United Kingdom
152637,549670,21670,BLUE SPOT CERAMIC DRAWER KNOB,12,2011-04-11 12:45:00,1.25,16168.0,United Kingdom
35135,539434,22907,PACK OF 20 NAPKINS PANTRY DESIGN,1,2010-12-17 14:41:00,1.66,,United Kingdom
406348,571747,21915,RED  HARMONICA IN BOX ,12,2011-10-19 10:59:00,1.25,13849.0,United Kingdom
376341,569521,22866,HAND WARMER SCOTTY DOG DESIGN,24,2011-10-04 14:33:00,2.1,16474.0,United Kingdom
363474,568567,22452,MEASURING TAPE BABUSHKA PINK,1,2011-09-27 18:41:00,1.63,,United Kingdom
453736,575491,22843,BISCUIT TIN VINTAGE GREEN,1,2011-11-09 17:47:00,6.75,15531.0,United Kingdom
408082,571931,22697,GREEN REGENCY TEACUP AND SAUCER,1,2011-10-19 16:59:00,5.79,,United Kingdom
182221,552529,46000M,POLYESTER FILLER PAD 45x45cm,6,2011-05-09 17:24:00,1.55,14541.0,United Kingdom
18364,537822,22418,10 COLOUR SPACEBOY PEN,24,2010-12-08 14:22:00,0.85,13523.0,United Kingdom
400667,571328,85049E,SCANDINAVIAN REDS RIBBONS,12,2011-10-17 11:27:00,1.25,12473.0,Germany
226790,556812,75049L,LARGE CIRCULAR MIRROR MOBILE,1,2011-06-14 17:25:00,2.46,,United Kingdom
486920,577754,21172,PARTY METAL SIGN ,24,2011-11-21 14:47:00,1.45,18139.0,United Kingdom
64449,541615,21499,BLUE POLKADOT WRAP,25,2011-01-20 10:43:00,0.42,16395.0,United Kingdom
421751,573023,85015,SET OF 12  VINTAGE POSTCARD SET,24,2011-10-27 12:53:00,0.65,13882.0,United Kingdom
12335,537374,22142,CHRISTMAS CRAFT WHITE FAIRY ,1,2010-12-06 12:55:00,1.45,17259.0,United Kingdom
184145,552676,85099C,JUMBO  BAG BAROQUE BLACK WHITE,5,2011-05-10 15:07:00,4.13,,United Kingdom
288331,562155,21985,PACK OF 12 HEARTS DESIGN TISSUES ,216,2011-08-03 11:24:00,0.25,17940.0,United Kingdom
98168,544672,22445,PENCIL CASE LIFE IS BEAUTIFUL,12,2011-02-22 15:45:00,2.95,14646.0,Netherlands
478514,577089,21213,PACK OF 72 SKULL CAKE CASES,24,2011-11-17 15:59:00,0.55,12841.0,United Kingdom
355927,567980,85053,FRENCH ENAMEL CANDLEHOLDER,1,2011-09-23 11:22:00,2.1,15311.0,United Kingdom
330200,565917,21889,WOODEN BOX OF DOMINOES,1,2011-09-07 16:15:00,2.46,,United Kingdom
374974,569414,22729,ALARM CLOCK BAKELIKE ORANGE,2,2011-10-04 10:11:00,8.29,,United Kingdom
364401,568657,22771,CLEAR DRAWER KNOB ACRYLIC EDWARDIAN,1,2011-09-28 12:22:00,1.25,16460.0,United Kingdom
309503,564091,21875,KINGS CHOICE MUG,12,2011-08-23 09:57:00,1.25,15804.0,United Kingdom
9063,537179,21314,SMALL GLASS HEART TRINKET POT,16,2010-12-05 13:29:00,2.1,13767.0,United Kingdom
506166,579129,22619,SET OF 6 SOLDIER SKITTLES,2,2011-11-28 12:31:00,3.75,17852.0,United Kingdom
484464,577531,48187,DOORMAT NEW ENGLAND,1,2011-11-20 13:58:00,12.46,,United Kingdom
129542,547386,22087,PAPER BUNTING WHITE LACE,5,2011-03-22 15:52:00,5.79,,United Kingdom
395850,571046,23333,IVORY WICKER HEART MEDIUM,2,2011-10-13 13:35:00,1.25,18096.0,United Kingdom
104579,545188,22551,PLASTERS IN TIN SPACEBOY,1,2011-02-28 15:19:00,1.65,14056.0,United Kingdom
220258,556139,84078A,SET/4 WHITE RETRO STORAGE CUBES ,2,2011-06-09 11:05:00,39.95,14231.0,United Kingdom
294126,562688,22743,MAKE YOUR OWN FLOWERPOWER CARD KIT,6,2011-08-08 13:53:00,2.95,13869.0,United Kingdom
436952,574252,22326,ROUND SNACK BOXES SET OF4 WOODLAND ,12,2011-11-03 13:24:00,2.95,12437.0,France
126454,547078,21181,PLEASE ONE PERSON METAL SIGN,36,2011-03-20 14:41:00,2.1,14408.0,United Kingdom
306231,563744,85132C,CHARLIE AND LOLA FIGURES TINS,48,2011-08-19 09:35:00,1.95,13266.0,United Kingdom
195660,553732,23202,JUMBO BAG VINTAGE LEAF,10,2011-05-19 08:27:00,1.95,12481.0,Germany
27650,538566,20770,ABSTRACT CIRCLE JOURNAL ,3,2010-12-13 11:21:00,2.51,,United Kingdom
133554,547788,22607,WOODEN ROUNDERS GARDEN SET ,1,2011-03-25 12:00:00,16.63,,United Kingdom
353033,567718,23217,LAUREL HEART ANTIQUE SILVER,12,2011-09-22 10:26:00,1.25,17730.0,United Kingdom
472614,576692,22179,SET 10 NIGHT OWL LIGHTS,4,2011-11-16 12:21:00,6.75,17412.0,United Kingdom
33465,539256,22692,DOORMAT WELCOME TO OUR HOME,4,2010-12-16 14:27:00,7.95,15601.0,United Kingdom
138708,548208,84987,SET OF 36 TEATIME PAPER DOILIES,12,2011-03-29 17:12:00,1.45,14189.0,United Kingdom
248721,558864,22840,ROUND CAKE TIN VINTAGE RED,2,2011-07-04 12:38:00,7.95,,EIRE
221735,556267,22608,PENS ASSORTED FUNKY JEWELED ,720,2011-06-09 19:33:00,0.19,13694.0,United Kingdom
481960,577396,22938,CUPCAKE LACE PAPER SET 6,12,2011-11-18 17:11:00,1.95,17621.0,United Kingdom
391529,570672,22988,SOLDIERS EGG CUP ,24,2011-10-11 14:52:00,1.25,12536.0,France
320269,564974,21982,PACK OF 12 SUKI TISSUES ,1,2011-08-31 15:32:00,0.83,,United Kingdom
276854,561079,22602,RETROSPOT WOODEN HEART DECORATION,8,2011-07-24 16:12:00,0.85,13956.0,United Kingdom
519014,580133,22910,PAPER CHAIN KIT VINTAGE CHRISTMAS,8,2011-12-01 18:43:00,2.95,15531.0,United Kingdom
347290,567297,23358,HOT STUFF HOT WATER BOTTLE,6,2011-09-19 12:27:00,3.75,15594.0,United Kingdom
256057,559436,22361,GLASS JAR DAISY FRESH COTTON WOOL,1,2011-07-08 12:18:00,2.95,15901.0,United Kingdom
361234,568333,22698,PINK REGENCY TEACUP AND SAUCER,6,2011-09-26 14:48:00,2.95,15344.0,United Kingdom
127070,547194,84596F,SMALL MARSHMALLOWS PINK BOWL,1,2011-03-21 12:42:00,0.42,12637.0,France
500585,578789,21258,VICTORIAN SEWING BOX LARGE,2,2011-11-25 12:17:00,12.75,16161.0,United Kingdom
196574,553856,20622,VIPPASSPORT COVER ,1,2011-05-19 13:28:00,2.1,16813.0,United Kingdom
282751,561658,23546,WRAP PAISLEY PARK ,25,2011-07-28 16:06:00,0.42,12743.0,Unspecified
57789,541219,82600,NO SINGING METAL SIGN,1,2011-01-14 14:06:00,4.13,,United Kingdom
438228,574310,23534,WALL ART STOP FOR TEA ,1,2011-11-03 16:56:00,5.95,13467.0,United Kingdom
165007,550750,47566,PARTY BUNTING,4,2011-04-20 11:45:00,4.95,13632.0,United Kingdom
278524,561214,21928,JUMBO BAG SCANDINAVIAN BLUE PAISLEY,3,2011-07-25 17:00:00,4.13,,United Kingdom
276287,561037,23290,SPACEBOY CHILDRENS BOWL,16,2011-07-24 11:55:00,1.25,12472.0,Germany
541091,581492,23088,ZINC HEART FLOWER T-LIGHT HOLDER,1,2011-12-09 10:03:00,2.46,,United Kingdom
140121,548373,84987,SET OF 36 TEATIME PAPER DOILIES,1,2011-03-30 16:34:00,2.92,,United Kingdom
44551,540180,22083,PAPER CHAIN KIT RETROSPOT,2,2011-01-05 13:05:00,2.95,15984.0,United Kingdom
429615,573576,20972,PINK CREAM FELT CRAFT TRINKET BOX ,8,2011-10-31 14:09:00,2.46,14096.0,United Kingdom
529430,580730,84879,ASSORTED COLOUR BIRD ORNAMENT,16,2011-12-05 17:28:00,3.12,,United Kingdom
265187,560209,23018,LARGE APOTHECARY MEASURING JAR ,1,2011-07-15 14:05:00,12.5,15004.0,United Kingdom
88294,543800,84380,SET OF 3 BUTTERFLY COOKIE CUTTERS,2,2011-02-13 11:36:00,1.25,17282.0,United Kingdom
84479,543398,85123A,WHITE HANGING HEART T-LIGHT HOLDER,6,2011-02-08 10:47:00,2.95,16458.0,United Kingdom
267776,560360,85123A,WHITE HANGING HEART T-LIGHT HOLDER,32,2011-07-18 11:55:00,2.55,12744.0,Singapore
265151,560209,23164,REGENCY CAKE SLICE,8,2011-07-15 14:05:00,4.95,15004.0,United Kingdom
409974,572082,22999,TRAVEL CARD WALLET VINTAGE LEAF,24,2011-10-20 14:18:00,0.42,17672.0,United Kingdom
178091,552229,22875,NUMBER TILE COTTAGE GARDEN 7,2,2011-05-06 15:40:00,4.13,,United Kingdom
87645,543691,35004B,SET OF 3 BLACK FLYING DUCKS,48,2011-02-11 11:38:00,4.65,17924.0,United Kingdom
407339,571864,23007, SPACEBOY BABY GIFT SET,24,2011-10-19 13:49:00,14.95,12731.0,France
340167,566607,20728,LUNCH BAG CARS BLUE,3,2011-09-13 16:40:00,1.65,13032.0,United Kingdom
461473,575943,20866,BLUE ROSE FABRIC MIRROR,1,2011-11-13 11:44:00,1.25,17920.0,United Kingdom
432785,573891,23231,WRAP  VINTAGE DOILY ,25,2011-11-01 13:56:00,0.42,12682.0,France
505006,578998,22551,PLASTERS IN TIN SPACEBOY,3,2011-11-27 16:05:00,1.65,15436.0,United Kingdom
374897,569408,82582,AREA PATROLLED METAL SIGN,72,2011-10-04 09:26:00,1.85,13881.0,United Kingdom
458322,575767,23480,MINI LIGHTS WOODLAND MUSHROOMS,2,2011-11-11 11:11:00,3.75,17348.0,United Kingdom
349547,567507,23174,REGENCY SUGAR BOWL GREEN,1,2011-09-20 14:46:00,8.29,,United Kingdom
483601,577504,22417,PACK OF 60 SPACEBOY CAKE CASES,2,2011-11-20 12:36:00,0.55,14159.0,United Kingdom
63601,541584,22350,ILLUSTRATED CAT BOWL ,2,2011-01-19 14:12:00,4.96,,United Kingdom
289012,562218,23126,FELTCRAFT GIRL AMELIE KIT,4,2011-08-03 14:07:00,4.95,13851.0,United Kingdom
138666,548203,21790,VINTAGE SNAP CARDS,76,2011-03-29 16:41:00,1.95,,United Kingdom
196508,553855,15056N,EDWARDIAN PARASOL NATURAL,6,2011-05-19 13:16:00,5.95,15854.0,United Kingdom
126936,547106,20679,EDWARDIAN PARASOL RED,6,2011-03-21 11:24:00,5.95,15039.0,United Kingdom
282247,561632,22817,CARD SUKI BIRTHDAY,24,2011-07-28 14:30:00,0.42,15639.0,United Kingdom
140011,548373,21749,LARGE RED RETROSPOT WINDMILL,1,2011-03-30 16:34:00,4.13,,United Kingdom
186407,C552858,22848,BREAD BIN DINER STYLE PINK,-1,2011-05-11 15:46:00,16.95,14180.0,United Kingdom
104736,545213,21259,VICTORIAN SEWING BOX SMALL ,2,2011-02-28 16:36:00,5.95,16518.0,United Kingdom
438957,574343,23394,POSTE FRANCE CUSHION COVER,4,2011-11-04 10:11:00,3.75,12576.0,Poland
138477,548198,47593A,CAROUSEL PONIES BABY BIB,1,2011-03-29 16:05:00,0.29,16712.0,United Kingdom
75600,C542604,22666,RECIPE BOX PANTRY YELLOW DESIGN,-1,2011-01-30 12:35:00,2.95,13148.0,United Kingdom
113112,545910,21975,PACK OF 60 DINOSAUR CAKE CASES,24,2011-03-08 10:04:00,0.55,14586.0,United Kingdom
164335,550638,22558,CLOTHES PEGS RETROSPOT PACK 24 ,1,2011-04-19 15:44:00,3.29,,United Kingdom
294917,562727,22150,3 STRIPEY MICE FELTCRAFT,6,2011-08-09 09:26:00,1.95,15601.0,United Kingdom
536568,581219,22091,EMPIRE TISSUE BOX,2,2011-12-08 09:28:00,2.46,,United Kingdom
360922,568318,85194S,HANGING SPRING FLOWER EGG SMALL,48,2011-09-26 13:25:00,0.19,13233.0,United Kingdom
324436,565401,82484,WOOD BLACK BOARD ANT WHITE FINISH,2,2011-09-02 17:38:00,7.95,16686.0,United Kingdom
399204,571274,84971S,SMALL HEART FLOWERS HOOK ,24,2011-10-16 12:25:00,0.85,16934.0,United Kingdom
157287,550199,84945,MULTI COLOUR SILVER T-LIGHT HOLDER,36,2011-04-15 10:20:00,0.85,16523.0,United Kingdom
222649,556441,23106,ZINC HEARTS PLANT POT HOLDER,8,2011-06-10 15:07:00,2.89,14415.0,United Kingdom
114443,546013,21624,VINTAGE UNION JACK DOORSTOP,1,2011-03-08 16:38:00,5.95,16495.0,United Kingdom
150484,549439,21929,JUMBO BAG PINK VINTAGE PAISLEY,10,2011-04-08 12:42:00,2.08,13562.0,United Kingdom
528018,580727,84032B,CHARLIE + LOLA RED HOT WATER BOTTLE,2,2011-12-05 17:17:00,3.29,14096.0,United Kingdom
210766,555322,22195,LARGE HEART MEASURING SPOONS,1,2011-06-02 11:01:00,3.29,,United Kingdom
77392,542723,21733,RED HANGING HEART T-LIGHT HOLDER,7,2011-01-31 14:53:00,2.95,17256.0,United Kingdom
413247,572309,37413,ICON MUG REVOLUTIONARY,1,2011-10-23 15:29:00,0.39,14432.0,United Kingdom
476130,576933,21507,ELEPHANT BIRTHDAY CARD ,12,2011-11-17 11:29:00,0.42,15529.0,United Kingdom
243280,558441,21136,PAINTED METAL PEARS ASSORTED,8,2011-06-29 12:59:00,1.69,14606.0,United Kingdom
396739,571082,85039B,S/4 IVORY MINI ROSE CANDLE IN BOWL,6,2011-10-13 15:25:00,1.63,,United Kingdom
233556,557474,21788,KIDS RAIN MAC BLUE,48,2011-06-20 13:29:00,0.85,12432.0,Norway
297717,562955,85099C,JUMBO  BAG BAROQUE BLACK WHITE,57,2011-08-11 10:14:00,4.13,,United Kingdom
283328,561710,21068,VINTAGE BILLBOARD LOVE/HATE MUG,1,2011-07-29 11:45:00,1.25,13827.0,United Kingdom
393834,570855,23355,HOT WATER BOTTLE KEEP CALM,4,2011-10-12 14:56:00,4.95,17314.0,United Kingdom
335763,566291,22138,BAKING SET 9 PIECE RETROSPOT ,2,2011-09-11 15:31:00,4.95,12965.0,United Kingdom
105981,545302,22077,6 RIBBONS RUSTIC CHARM,10,2011-03-01 12:46:00,1.65,14506.0,United Kingdom
123232,546892,22429,ENAMEL MEASURING JUG CREAM,1,2011-03-17 18:20:00,8.29,,United Kingdom
349728,567524,22727,ALARM CLOCK BAKELIKE RED ,4,2011-09-21 08:55:00,3.75,15696.0,United Kingdom
80714,543055,21523,DOORMAT FANCY FONT HOME SWEET HOME,2,2011-02-03 10:41:00,7.95,12502.0,Spain
354965,567901,22372,AIRLINE BAG VINTAGE WORLD CHAMPION ,1,2011-09-22 16:28:00,8.29,,United Kingdom
291929,562528,22784,LANTERN CREAM GAZEBO ,3,2011-08-05 13:52:00,4.95,12610.0,Italy
447887,574965,22385,JUMBO BAG SPACEBOY DESIGN,1,2011-11-08 10:44:00,2.08,17964.0,United Kingdom
488921,577855,23349,ROLL WRAP VINTAGE CHRISTMAS,1,2011-11-22 11:18:00,1.25,15877.0,United Kingdom
353588,567817,22663,JUMBO BAG DOLLY GIRL DESIGN,3,2011-09-22 12:41:00,2.08,15005.0,United Kingdom
289200,562256,21871,SAVE THE PLANET MUG,12,2011-08-03 15:14:00,1.25,15152.0,United Kingdom
93293,544286,22768,FAMILY PHOTO FRAME CORNICE,2,2011-02-17 12:29:00,9.95,13151.0,United Kingdom
294747,562717,23290,SPACEBOY CHILDRENS BOWL,1,2011-08-08 15:42:00,2.46,,United Kingdom
97100,544598,72122,COFFEE SCENT PILLAR CANDLE,1,2011-02-21 18:10:00,1.88,,United Kingdom
389880,570488,23197,SKETCHBOOK MAGNETIC SHOPPING LIST,2,2011-10-10 17:12:00,3.29,14096.0,United Kingdom
348967,567474,20718,RED RETROSPOT SHOPPER BAG,10,2011-09-20 12:53:00,1.25,13448.0,United Kingdom
449765,575138,23352,ROLL WRAP 50'S RED CHRISTMAS ,5,2011-11-08 15:24:00,2.46,,United Kingdom
180072,552302,20665,RED RETROSPOT PURSE ,1,2011-05-08 14:59:00,2.95,14606.0,United Kingdom
82524,543237,22069,BROWN  PIRATE TREASURE CHEST ,4,2011-02-04 13:39:00,4.13,,United Kingdom
319357,564850,23334,IVORY WICKER HEART SMALL,34,2011-08-30 16:43:00,0.63,17298.0,United Kingdom
59297,541280,47480,HANGING PHOTO CLIP ROPE LADDER,12,2011-01-17 11:57:00,1.65,15296.0,United Kingdom
85340,543467,22888,NUMBER TILE VINTAGE FONT 9 ,1,2011-02-08 14:35:00,4.13,,United Kingdom
79628,542999,DOT,DOTCOM POSTAGE,1,2011-02-02 12:16:00,142.29,,United Kingdom
345077,567141,84992,72 SWEETHEART FAIRY CAKE CASES,24,2011-09-16 14:53:00,0.55,17370.0,United Kingdom
331351,566010,21481,FAWN BLUE HOT WATER BOTTLE,2,2011-09-08 12:05:00,3.75,13700.0,United Kingdom
232052,557299,23126,FELTCRAFT GIRL AMELIE KIT,4,2011-06-19 13:56:00,4.95,13047.0,United Kingdom
274864,560926,22026,BANQUET BIRTHDAY  CARD  ,1,2011-07-22 09:20:00,0.83,,United Kingdom
138072,548188,85152,HAND OVER THE CHOCOLATE   SIGN ,5,2011-03-29 15:12:00,2.1,13263.0,United Kingdom
88330,543800,22760,"TRAY, BREAKFAST IN BED",1,2011-02-13 11:36:00,12.75,17282.0,United Kingdom
272973,560775,84828,JUNGLE POPSICLES ICE LOLLY MOULDS,1,2011-07-20 17:24:00,1.25,,United Kingdom
403102,571549,21888,BINGO SET,4,2011-10-18 08:12:00,3.75,13536.0,United Kingdom
264416,560090,90200E,GREEN SWEETHEART BRACELET,1,2011-07-14 16:46:00,4.15,,United Kingdom
226049,556777,21754,HOME BUILDING BLOCK WORD,3,2011-06-14 12:31:00,5.95,14426.0,United Kingdom
167637,550997,22382,LUNCH BAG SPACEBOY DESIGN ,10,2011-04-26 09:04:00,1.65,17735.0,United Kingdom
318893,564838,72586,SET OF 6 HALLOWEEN GHOST T-LIGHTS,1,2011-08-30 12:43:00,0.83,,United Kingdom
77235,542716,22077,6 RIBBONS RUSTIC CHARM,6,2011-01-31 14:02:00,1.65,16407.0,United Kingdom
41171,539754,21977,PACK OF 60 PINK PAISLEY CAKE CASES,1,2010-12-21 16:06:00,0.55,12748.0,United Kingdom
111227,545715,22456,NATURAL SLATE CHALKBOARD LARGE ,3,2011-03-07 10:13:00,9.96,,United Kingdom
390053,570492,23201,JUMBO BAG ALPHABET,10,2011-10-11 08:23:00,2.08,14194.0,United Kingdom
429074,573543,22131,FOOD CONTAINER SET 3 LOVE HEART ,1,2011-10-31 13:05:00,1.95,17777.0,United Kingdom
372058,569230,23172,REGENCY TEA PLATE PINK,6,2011-10-02 15:07:00,1.65,16533.0,United Kingdom
537224,581238,47591b,SCOTTIES CHILDRENS APRON,1,2011-12-08 10:53:00,4.13,,United Kingdom
185386,552813,23045,PAPER LANTERN 5 POINT STAR MOON 30,2,2011-05-11 12:44:00,4.15,15079.0,United Kingdom
473283,576790,POST,POSTAGE,1,2011-11-16 13:59:00,18.0,12569.0,Germany
92266,544186,21656,RIDGED GLASS POSY VASE ,2,2011-02-16 15:56:00,3.29,,United Kingdom
206658,554950,23202,JUMBO BAG VINTAGE LEAF,10,2011-05-27 14:48:00,2.08,14227.0,United Kingdom
377203,569545,90087,CRYSTAL SEA HORSE PHONE CHARM,1,2011-10-04 16:37:00,1.63,,United Kingdom
189043,553120,23204,CHARLOTTE BAG APPLES DESIGN,10,2011-05-13 12:12:00,0.85,17139.0,United Kingdom
146065,548968,21929,JUMBO BAG PINK VINTAGE PAISLEY,10,2011-04-05 10:58:00,2.08,12744.0,Singapore
171296,551400,21937,STRAWBERRY   PICNIC BAG,10,2011-04-28 13:18:00,2.95,17160.0,United Kingdom
260833,559816,23199,JUMBO BAG APPLES,1,2011-07-12 16:11:00,4.13,,United Kingdom
509552,579350,75049L,LARGE CIRCULAR MIRROR MOBILE,192,2011-11-29 11:48:00,0.85,15218.0,United Kingdom
243576,558475,37340,MULTICOLOUR SPRING FLOWER MUG,48,2011-06-29 15:58:00,0.69,,United Kingdom
41279,539766,22113,GREY HEART HOT WATER BOTTLE,4,2010-12-22 11:11:00,3.75,14092.0,United Kingdom
4787,536804,22423,REGENCY CAKESTAND 3 TIER,16,2010-12-02 16:34:00,10.95,14031.0,United Kingdom
256475,559493,22386,JUMBO BAG PINK POLKADOT,2,2011-07-08 13:53:00,4.13,,United Kingdom
476359,577010,21985,PACK OF 12 HEARTS DESIGN TISSUES ,9,2011-11-17 12:11:00,0.39,15506.0,United Kingdom
172159,551519,22606,WOODEN SKITTLES GARDEN SET,1,2011-05-01 11:50:00,15.95,14304.0,United Kingdom
26908,538524,21889,WOODEN BOX OF DOMINOES,2,2010-12-13 09:35:00,2.51,,United Kingdom
46925,540372,22045,SPACEBOY GIFT WRAP,25,2011-01-06 16:41:00,0.42,13081.0,United Kingdom
185997,552839,22382,LUNCH BAG SPACEBOY DESIGN ,10,2011-05-11 14:25:00,1.65,14367.0,United Kingdom
443247,574696,85099C,JUMBO  BAG BAROQUE BLACK WHITE,3,2011-11-06 13:40:00,2.08,13634.0,United Kingdom
389373,570467,22951,60 CAKE CASES DOLLY GIRL DESIGN,24,2011-10-10 16:06:00,0.55,12607.0,USA
80201,543023,85123A,WHITE HANGING HEART T-LIGHT HOLDER,12,2011-02-02 14:38:00,2.95,15270.0,United Kingdom
124633,546984,22421,LIPSTICK PEN FUSCHIA,1,2011-03-18 12:35:00,0.42,15019.0,United Kingdom
59431,541286,22548,HEADS AND TAILS SPORTING FUN,4,2011-01-17 13:08:00,1.25,13982.0,United Kingdom
270391,560567,22551,PLASTERS IN TIN SPACEBOY,1,2011-07-19 13:57:00,3.29,,United Kingdom
440810,574547,21263,GREEN GOOSE FEATHER TREE 60CM,2,2011-11-04 15:08:00,1.95,17841.0,United Kingdom
3043,536592,22785,SQUARECUSHION COVER PINK UNION FLAG,3,2010-12-01 17:06:00,6.75,,United Kingdom
276882,561079,22427,ENAMEL FLOWER JUG CREAM,1,2011-07-24 16:12:00,5.95,13956.0,United Kingdom
282290,561639,84799,,-346,2011-07-28 14:58:00,0.0,,United Kingdom
1296,536532,22666,RECIPE BOX PANTRY YELLOW DESIGN,12,2010-12-01 13:24:00,2.95,12433.0,Norway
263377,559984,22952,60 CAKE CASES VINTAGE CHRISTMAS,1,2011-07-14 11:45:00,0.55,16657.0,United Kingdom
364808,568673,22488,NATURAL SLATE RECTANGLE CHALKBOARD,12,2011-09-28 13:23:00,1.65,16182.0,United Kingdom
437604,574298,22747,POPPY'S PLAYHOUSE BATHROOM,1,2011-11-03 15:56:00,4.13,,United Kingdom
505204,579002,22439,6 ROCKET BALLOONS ,10,2011-11-27 16:27:00,0.65,14093.0,United Kingdom
508728,579267,23541,WALL ART CLASSIC PUDDINGS ,2,2011-11-29 09:42:00,8.25,14961.0,United Kingdom
510804,579470,20973,12 PENCIL SMALL TUBE WOODLAND,2,2011-11-29 15:06:00,0.65,16549.0,United Kingdom
107941,545470,22892,SET OF SALT AND PEPPER TOADSTOOLS,6,2011-03-03 10:26:00,1.25,14483.0,United Kingdom
492082,578088,22739,RIBBON REEL CHRISTMAS SOCK BAUBLE,5,2011-11-22 16:47:00,1.65,16376.0,United Kingdom
478639,577095,85034B,3 WHITE CHOC MORRIS BOXED CANDLES,1,2011-11-17 16:39:00,1.25,15867.0,United Kingdom
256911,559506,47574A,ENGLISH ROSE SCENTED HANGING FLOWER,2,2011-07-08 15:17:00,2.46,,United Kingdom
28034,538625,22502,PICNIC BASKET WICKER SMALL,1,2010-12-13 12:50:00,5.95,14544.0,United Kingdom
440095,574506,22144,CHRISTMAS CRAFT LITTLE FRIENDS,1,2011-11-04 13:24:00,2.1,12577.0,France
461469,575943,20668,DISCO BALL CHRISTMAS DECORATION,1,2011-11-13 11:44:00,0.12,17920.0,United Kingdom
159049,550322,20718,RED RETROSPOT SHOPPER BAG,1,2011-04-17 12:53:00,1.25,14524.0,United Kingdom
216576,555850,21244,BLUE POLKADOT PLATE ,8,2011-06-07 13:35:00,1.69,16550.0,United Kingdom
86045,543533,22212,FOUR HOOK  WHITE LOVEBIRDS,1,2011-02-09 13:00:00,4.13,,United Kingdom
274691,560926,85099F,JUMBO BAG STRAWBERRY,9,2011-07-22 09:20:00,2.08,,United Kingdom
505975,579106,23084,RABBIT NIGHT LIGHT,24,2011-11-28 11:42:00,1.79,16705.0,United Kingdom
384820,570180,22747,POPPY'S PLAYHOUSE BATHROOM,6,2011-10-07 14:28:00,2.1,17509.0,United Kingdom
128428,547327,20725,LUNCH BAG RED RETROSPOT,10,2011-03-22 11:28:00,1.65,12681.0,France
385978,570223,21802,CHRISTMAS TREE HEART DECORATION,4,2011-10-09 13:11:00,0.42,15787.0,United Kingdom
407252,571850,23351,ROLL WRAP 50'S CHRISTMAS,5,2011-10-19 12:54:00,1.25,14698.0,United Kingdom
402741,571508,22488,NATURAL SLATE RECTANGLE CHALKBOARD,1,2011-10-17 15:27:00,3.29,,United Kingdom
505189,579002,22139,RETROSPOT TEA SET CERAMIC 11 PC ,1,2011-11-27 16:27:00,4.95,14093.0,United Kingdom
164737,550663,23201,JUMBO BAG ALPHABET,10,2011-04-20 09:30:00,1.95,15078.0,United Kingdom
398356,571239,85150,LADIES & GENTLEMEN METAL SIGN,12,2011-10-14 14:54:00,2.55,12744.0,Singapore
312036,564335,22356,CHARLOTTE BAG PINK POLKADOT,2,2011-08-24 14:23:00,0.85,15800.0,United Kingdom
466435,576329,23480,MINI LIGHTS WOODLAND MUSHROOMS,2,2011-11-14 15:22:00,7.46,,United Kingdom
391839,570680,72586,SET OF 6 HALLOWEEN GHOST T-LIGHTS,5,2011-10-11 15:36:00,0.42,13969.0,United Kingdom
121977,546843,22326,ROUND SNACK BOXES SET OF4 WOODLAND ,6,2011-03-17 12:40:00,2.95,12472.0,Germany
415455,572540,84884a,ANT WHITE WIRE HEART SPIRAL,1,2011-10-24 16:17:00,8.29,,United Kingdom
10833,537239,71053,WHITE METAL LANTERN,4,2010-12-06 10:05:00,3.75,18219.0,United Kingdom
264055,560053,85132C,CHARLIE AND LOLA FIGURES TINS,12,2011-07-14 15:44:00,1.95,17612.0,United Kingdom
278569,561217,21096,SET/6 FRUIT SALAD  PAPER PLATES,4,2011-07-25 17:09:00,0.83,,United Kingdom
327121,565617,23355,HOT WATER BOTTLE KEEP CALM,1,2011-09-05 15:30:00,10.79,,United Kingdom
38830,539595,21889,WOODEN BOX OF DOMINOES,2,2010-12-20 13:43:00,2.51,,United Kingdom
442144,574663,23457,LARGE PARLOUR PICTURE FRAME,2,2011-11-06 12:04:00,4.95,13527.0,United Kingdom
488222,577801,17003,BROCADE RING PURSE ,36,2011-11-21 17:04:00,0.39,17629.0,United Kingdom
274160,560887,23301,GARDENERS KNEELING PAD KEEP CALM ,144,2011-07-21 16:28:00,1.45,16041.0,United Kingdom
40812,539743,21949,SET OF 6 STRAWBERRY CHOPSTICKS,1,2010-12-21 15:20:00,2.51,,United Kingdom
312607,564359,22326,ROUND SNACK BOXES SET OF4 WOODLAND ,3,2011-08-24 16:02:00,2.95,14056.0,United Kingdom
291908,562528,23126,FELTCRAFT GIRL AMELIE KIT,4,2011-08-05 13:52:00,4.95,12610.0,Italy
120610,546667,23126,FELTCRAFT GIRL AMELIE KIT,4,2011-03-15 15:31:00,4.95,14735.0,United Kingdom
541104,581492,23172,REGENCY TEA PLATE PINK,1,2011-12-09 10:03:00,3.29,,United Kingdom
152897,549713,48187,DOORMAT NEW ENGLAND,2,2011-04-11 14:11:00,7.95,17611.0,United Kingdom
233353,557468,23290,SPACEBOY CHILDRENS BOWL,4,2011-06-20 13:14:00,1.25,16713.0,United Kingdom
198053,C554005,21747,SMALL SKULL WINDMILL,-12,2011-05-20 12:23:00,1.25,15620.0,United Kingdom
400227,571305,21670,BLUE SPOT CERAMIC DRAWER KNOB,2,2011-10-17 09:55:00,3.29,,United Kingdom
389222,570465,23525,WALL ART BUFFALO BILL ,2,2011-10-10 16:02:00,7.46,,United Kingdom
195332,553714,48129,DOORMAT TOPIARY,2,2011-05-18 15:55:00,7.95,16987.0,United Kingdom
423514,573149,21108,FAIRY CAKE FLANNEL ASSORTED COLOUR,9,2011-10-27 19:56:00,0.79,16438.0,United Kingdom
257325,559525,21212,PACK OF 72 RETROSPOT CAKE CASES,3,2011-07-10 10:30:00,0.55,16923.0,United Kingdom
435550,574076,21811,HANGING HEART WITH BELL,5,2011-11-02 15:38:00,0.83,,United Kingdom
447105,574948,22726,ALARM CLOCK BAKELIKE GREEN,8,2011-11-08 09:07:00,3.75,15805.0,United Kingdom
393893,570857,22423,REGENCY CAKESTAND 3 TIER,3,2011-10-12 15:06:00,12.75,15555.0,United Kingdom
275991,561026,23006,TRAVEL CARD WALLET FLOWER MEADOW,5,2011-07-24 10:49:00,0.42,17265.0,United Kingdom
539127,581433,84820,DANISH ROSE TRINKET TRAYS,16,2011-12-08 15:54:00,0.79,14911.0,EIRE
52796,540821,22248,DECORATION  PINK CHICK MAGIC GARDEN,8,2011-01-11 13:16:00,0.81,,United Kingdom
381981,569897,23152,IVORY SWEETHEART WIRE LETTER RACK ,2,2011-10-06 16:01:00,3.75,17813.0,United Kingdom
488771,577850,22348,TEA BAG PLATE RED RETROSPOT,12,2011-11-22 11:04:00,0.85,14911.0,EIRE
130950,547528,84840,,2,2011-03-23 15:05:00,0.0,,United Kingdom
208072,555093,22624,IVORY KITCHEN SCALES,4,2011-05-31 13:15:00,8.5,12720.0,Germany
224250,556510,22433,WATERING CAN GREEN DINOSAUR,6,2011-06-13 10:36:00,1.95,14911.0,EIRE
111981,545853,22430,ENAMEL WATERING CAN CREAM,1,2011-03-07 13:50:00,4.95,16517.0,United Kingdom
536171,581219,22841,ROUND CAKE TIN VINTAGE GREEN,1,2011-12-08 09:28:00,15.79,,United Kingdom
163532,550613,23199,JUMBO BAG APPLES,100,2011-04-19 12:26:00,1.79,16180.0,United Kingdom
146882,549023,22464,HANGING METAL HEART LANTERN,1,2011-04-05 16:27:00,3.29,,United Kingdom
166994,550964,22966,GINGERBREAD MAN COOKIE CUTTER,12,2011-04-21 16:48:00,1.25,15856.0,United Kingdom
143710,548711,85040B,SET/4 BLUE FLOWER CANDLES IN BOWL,2,2011-04-03 14:24:00,1.65,18116.0,United Kingdom
7062,536987,21642,ASSORTED TUTTI FRUTTI PEN,2,2010-12-03 14:54:00,0.85,17198.0,United Kingdom
473772,576837,22691,DOORMAT WELCOME SUNRISE,1,2011-11-16 15:16:00,15.79,,United Kingdom
619,536412,22988,SOLDIERS EGG CUP ,6,2010-12-01 11:49:00,1.25,17920.0,United Kingdom
444666,574739,23407,SET OF 2 TRAYS HOME SWEET HOME,2,2011-11-06 16:04:00,9.95,16357.0,United Kingdom
381433,569866,21484,CHICK GREY HOT WATER BOTTLE,4,2011-10-06 14:50:00,4.25,12757.0,Portugal
395644,571039,22720,SET OF 3 CAKE TINS PANTRY DESIGN ,1,2011-10-13 12:59:00,4.95,16121.0,United Kingdom
199527,554098,23147,SINGLE ANTIQUE ROSE HOOK IVORY,6,2011-05-22 13:01:00,1.45,14769.0,United Kingdom
403078,571548,23118,PARISIENNE JEWELLERY DRAWER ,2,2011-10-18 07:56:00,7.5,15505.0,United Kingdom
98443,544681,20723,STRAWBERRY CHARLOTTE BAG,1,2011-02-22 16:28:00,1.63,,United Kingdom
31189,538903,22456,NATURAL SLATE CHALKBOARD LARGE ,3,2010-12-15 10:17:00,4.95,13496.0,United Kingdom
335182,C566280,22636,CHILDS BREAKFAST SET CIRCUS PARADE,-1,2011-09-11 14:12:00,8.5,12748.0,United Kingdom
107902,545468,20996,JAZZ HEARTS ADDRESS BOOK,24,2011-03-03 09:41:00,0.42,16571.0,United Kingdom
513463,579555,22598,CHRISTMAS MUSICAL ZINC TREE,7,2011-11-30 11:08:00,0.29,16241.0,United Kingdom
242718,558370,22232,JIGSAW TOADSTOOLS 3 PIECE,12,2011-06-28 15:44:00,0.59,17750.0,United Kingdom
111395,545719,22960,JAM MAKING SET WITH JARS,6,2011-03-07 10:28:00,4.25,13344.0,United Kingdom
180981,552410,22381,TOY TIDY PINK POLKADOT,2,2011-05-09 12:40:00,2.1,14527.0,United Kingdom
295243,562779,21716,BOYS VINTAGE TIN SEASIDE BUCKET,1,2011-08-09 12:58:00,2.55,17841.0,United Kingdom
389542,570479,20726,LUNCH BAG WOODLAND,3,2011-10-10 16:58:00,1.65,17589.0,United Kingdom
242205,558319,22161,HEART DECORATION RUSTIC HANGING ,1,2011-06-28 11:53:00,1.63,,United Kingdom
233981,557499,23122,PARTY CHARMS 50 PIECES,12,2011-06-20 15:25:00,0.83,16320.0,Unspecified
374766,569403,23256,CHILDRENS CUTLERY SPACEBOY ,4,2011-10-04 09:02:00,4.15,13319.0,United Kingdom
79555,542997,21948,SET OF 6 CAKE CHOPSTICKS,1,2011-02-02 12:16:00,2.46,,United Kingdom
283693,561797,23208,LUNCH BAG VINTAGE LEAF DESIGN,30,2011-07-29 13:37:00,1.65,13178.0,United Kingdom
194452,553585,16161P,WRAP ENGLISH ROSE ,25,2011-05-18 10:41:00,0.42,15301.0,United Kingdom
275883,561024,21643,ASSORTED TUTTI FRUTTI MIRROR,24,2011-07-24 10:35:00,1.25,12916.0,United Kingdom
240939,558119,21935,SUKI  SHOULDER BAG,3,2011-06-27 09:12:00,4.13,,United Kingdom
505613,579093,22966,GINGERBREAD MAN COOKIE CUTTER,48,2011-11-28 10:54:00,1.25,13081.0,United Kingdom
494172,578262,22574,HEART WOODEN CHRISTMAS DECORATION,2,2011-11-23 13:27:00,0.85,18283.0,United Kingdom
21402,538077,22113,GREY HEART HOT WATER BOTTLE,18,2010-12-09 14:19:00,3.75,14667.0,United Kingdom
357610,568101,22952,60 CAKE CASES VINTAGE CHRISTMAS,24,2011-09-23 15:21:00,0.55,15978.0,United Kingdom
116060,546190,22970,LONDON BUS COFFEE MUG,12,2011-03-10 10:57:00,2.55,13102.0,United Kingdom
331437,566016,84029G,KNITTED UNION FLAG HOT WATER BOTTLE,8,2011-09-08 12:20:00,3.75,15144.0,United Kingdom
440168,574511,23330,DECORATIVE WICKER HEART MEDIUM,12,2011-11-04 13:26:00,1.25,15597.0,United Kingdom
63221,541530,22629,SPACEBOY LUNCH BOX ,12,2011-01-19 10:56:00,1.95,14769.0,United Kingdom
142269,548563,22926,IVORY GIANT GARDEN THERMOMETER,3,2011-04-01 10:21:00,5.95,18118.0,United Kingdom
375182,569418,22945,CHRISTMAS METAL TAGS ASSORTED ,12,2011-10-04 10:30:00,0.85,12989.0,United Kingdom
